年份,出售單位,發電案場,購買者,憑證種類,供電種類,憑證張數
2024,中威風力發電股份有限公司,台中風場,台灣積體電路製造股份有限公司,風力能,轉供,28559
2024,中租電力科技股份有限公司,帝寶工業新營廠房屋頂太陽光電發電廠,中租迪和股份有限公司,太陽能,轉供,208
2024,中鋼光能股份有限公司,中鋼成品倉庫07庫&amp;條線工場08庫,中國鋼鐵股份有限公司,太陽能,併網型直供,627
2024,中鋼光能股份有限公司,中鋼鋼板工場#02#03庫,中國鋼鐵股份有限公司,太陽能,併網型直供,451
2024,中鋼光能股份有限公司,中鋼#09~#11條鋼工廠,中國鋼鐵股份有限公司,太陽能,併網型直供,326
2024,中鋼光能股份有限公司,中鋼小鋼胚儲區,中國鋼鐵股份有限公司,太陽能,併網型直供,156
2024,中鋼光能股份有限公司,中鋼第三酸冷軋線、第三冷軋軋輥場,中國鋼鐵股份有限公司,太陽能,併網型直供,273
2024,中鋼光能股份有限公司,中鋼第二熱浸鍍鋅線,中國鋼鐵股份有限公司,太陽能,併網型直供,97
2024,中鋼光能股份有限公司,中鋼機械修理廠,中國鋼鐵股份有限公司,太陽能,併網型直供,61
2024,中鋼光能股份有限公司,中鋼成品倉庫#25庫,中國鋼鐵股份有限公司,太陽能,併網型直供,230
2024,中鋼光能股份有限公司,中鋼#17成品倉庫,中國鋼鐵股份有限公司,太陽能,併網型直供,169
2024,中鋼光能股份有限公司,中鋼#20成品倉庫,中國鋼鐵股份有限公司,太陽能,併網型直供,204
2024,中鋼光能股份有限公司,中鋼輕型軋輥課,中國鋼鐵股份有限公司,太陽能,併網型直供,40
2024,中鋼光能股份有限公司,中鋼第二線材水場脫水機房,中國鋼鐵股份有限公司,太陽能,併網型直供,26
2024,中鋼光能股份有限公司,中鋼第二連續退火線&amp;#40庫,中國鋼鐵股份有限公司,太陽能,併網型直供,164
2024,中鋼光能股份有限公司,中鋼W3扁鋼胚鑄造精整儲區,中國鋼鐵股份有限公司,太陽能,併網型直供,157
2024,中鋼光能股份有限公司,中鋼第二熱軋,中國鋼鐵股份有限公司,太陽能,併網型直供,919
2024,中鋼光能股份有限公司,中鋼#34~37庫&amp;冷軋調質工廠,中國鋼鐵股份有限公司,太陽能,併網型直供,874
2024,中鋼光能股份有限公司,中鋼第一連續退火線&amp;連續塗覆工廠,中國鋼鐵股份有限公司,太陽能,併網型直供,108
2024,中鋼光能股份有限公司,中鋼成品倉庫#39庫&amp;第一熱浸鍍鋅線,中國鋼鐵股份有限公司,太陽能,併網型直供,173
2024,中鋼光能股份有限公司,中鋼第一酸洗冷軋線&amp;冷軋軋輥二股,中國鋼鐵股份有限公司,太陽能,併網型直供,93
2024,中鋼光能股份有限公司,中鋼封盒退火場,中國鋼鐵股份有限公司,太陽能,併網型直供,78
2024,中鋼光能股份有限公司,中鋼南站80000T原水池&amp;VC-1F03原水池,中國鋼鐵股份有限公司,太陽能,併網型直供,75
2024,中鋼光能股份有限公司,中鋼第一熱軋精整,中國鋼鐵股份有限公司,太陽能,併網型直供,170
2024,中鋼光能股份有限公司,中鋼第一熱軋成品倉庫,中國鋼鐵股份有限公司,太陽能,併網型直供,768
2024,中鋼光能股份有限公司,中鋼第一熱軋扁鋼胚精整設備&amp;扁鋼胚精整工場,中國鋼鐵股份有限公司,太陽能,併網型直供,91
2024,中鋼光能股份有限公司,中鋼第一熱軋軋輥&amp;熱軋鋼帶室外冷卻堆置場,中國鋼鐵股份有限公司,太陽能,併網型直供,118
2024,中鋼光能股份有限公司,中鋼第一熱軋軋輥&amp;熱軋鋼帶室外冷卻堆置場-增量,中國鋼鐵股份有限公司,太陽能,併網型直供,75
2024,中鋼光能股份有限公司,中鋁軋鋁廠,中鋼鋁業股份有限公司,太陽能,併網型直供,753
2024,中鋼光能股份有限公司,中聯資室內化儲區,中聯資源股份有限公司,太陽能,轉供,76
2024,中鋼光能股份有限公司,中聯資著磁料場,中聯資源股份有限公司,太陽能,轉供,9
2024,中鋼光能股份有限公司,中龍動力場,中龍鋼鐵股份有限公司,太陽能,併網型直供,60
2024,中鋼光能股份有限公司,中龍氧氣廠,中龍鋼鐵股份有限公司,太陽能,併網型直供,79
2024,中鋼光能股份有限公司,中龍細石料RC屋頂,中龍鋼鐵股份有限公司,太陽能,併網型直供,77
2024,中鋼光能股份有限公司,中龍扁鋼胚儲區,中龍鋼鐵股份有限公司,太陽能,併網型直供,222
2024,中鋼光能股份有限公司,中龍除礦水電氣室,中龍鋼鐵股份有限公司,太陽能,併網型直供,33
2024,中鋼光能股份有限公司,中鋼成品倉庫88庫,中國鋼鐵股份有限公司,太陽能,轉供,55
2024,中鋼光能股份有限公司,中鋼成品倉庫88庫,中聯資源股份有限公司,太陽能,轉供,80
2024,中鋼光能股份有限公司,中鋼成品倉庫88庫,中鋼碳素化學股份有限公司,太陽能,轉供,101
2024,中鋼光能股份有限公司,中鴻鹿港廠,中聯資源股份有限公司,太陽能,轉供,8
2024,中鋼光能股份有限公司,中鴻鹿港廠,中鴻鋼鐵股份有限公司,太陽能,轉供,851
2024,中鋼光能股份有限公司,中鴻鹿港廠,中龍鋼鐵股份有限公司,太陽能,轉供,150
2024,中鋼光能股份有限公司,中鋼永光儲區,中龍鋼鐵股份有限公司,太陽能,轉供,338
2024,中鋼光能股份有限公司,中鴻酸鍍廠,中鴻鋼鐵股份有限公司,太陽能,轉供,255
2024,中鋼光能股份有限公司,中龍中心倉庫,中龍鋼鐵股份有限公司,太陽能,轉供,183
2024,中鋼光能股份有限公司,中龍扁鋼胚連鑄維護廠房,中龍鋼鐵股份有限公司,太陽能,併網型直供,54
2024,中鋼光能股份有限公司,中龍第一原水池,中龍鋼鐵股份有限公司,太陽能,併網型直供,123
2024,中鋼光能股份有限公司,中龍熱軋主電氣室,中龍鋼鐵股份有限公司,太陽能,併網型直供,39
2024,中鋼光能股份有限公司,中龍煉鐵大樓,中龍鋼鐵股份有限公司,太陽能,併網型直供,20
2024,中鋼光能股份有限公司,中龍室內備品儲區及耐火材料倉庫,中龍鋼鐵股份有限公司,太陽能,併網型直供,132
2024,中鋼光能股份有限公司,中龍窄板改切工場及中龍集塵灰倉庫,中龍鋼鐵股份有限公司,太陽能,併網型直供,393
2024,中鋼光能股份有限公司,中碳屏南試驗工廠,中鋼碳素化學股份有限公司,太陽能,併網型直供,74
2024,中鋼光能股份有限公司,中碳屏南生產工廠,中鋼碳素化學股份有限公司,太陽能,併網型直供,109
2024,中鋼光能股份有限公司,中聯資中港廠RC屋頂,中聯資源股份有限公司,太陽能,轉供,8
2024,中鋼光能股份有限公司,中聯資中港廠RC屋頂,中龍鋼鐵股份有限公司,太陽能,轉供,3
2024,中鋼光能股份有限公司,中聯資南堤廠,中聯資源股份有限公司,太陽能,轉供,31
2024,中鋼光能股份有限公司,中聯資南堤廠,中龍鋼鐵股份有限公司,太陽能,轉供,69
2024,中鋼光能股份有限公司,中聯資中港廠,中聯資源股份有限公司,太陽能,轉供,58
2024,中鋼光能股份有限公司,中聯資中港廠,中龍鋼鐵股份有限公司,太陽能,轉供,23
2024,中鋼光能股份有限公司,興達海基,中國鋼鐵股份有限公司,太陽能,轉供,575
2024,中鋼光能股份有限公司,興達海基,中龍鋼鐵股份有限公司,太陽能,轉供,316
2024,中鋼光能股份有限公司,興達海基電氣倉庫,中國鋼鐵股份有限公司,太陽能,轉供,30
2024,中鋼光能股份有限公司,興達海基電氣倉庫,中龍鋼鐵股份有限公司,太陽能,轉供,17
2024,中鋼光能股份有限公司,中能資中林儲區,中國鋼鐵股份有限公司,太陽能,轉供,259
2024,中鋼光能股份有限公司,中能資中林儲區,中龍鋼鐵股份有限公司,太陽能,轉供,68
2024,中鋼光能股份有限公司,中鋼南站80000T原水池&amp;VC-1F03原水池-2,中國鋼鐵股份有限公司,太陽能,併網型直供,343
2024,中鋼光能股份有限公司,中鋼鋼板工場01庫,中國鋼鐵股份有限公司,太陽能,併網型直供,474
2024,中鋼光能股份有限公司,中鋼中央修護場,中國鋼鐵股份有限公司,太陽能,併網型直供,639
2024,中鋼光能股份有限公司,中龍熱軋軋輥廠房,中龍鋼鐵股份有限公司,太陽能,併網型直供,140
2024,中鋼光能股份有限公司,中龍熱軋精整廠房及中龍型鋼成品H4庫,中龍鋼鐵股份有限公司,太陽能,併網型直供,2353
2024,中鋼光能股份有限公司,中龍熱軋成品倉庫D7+D3,中龍鋼鐵股份有限公司,太陽能,併網型直供,1211
2024,亞福儲能股份有限公司,嘉義溪墘滯洪池,雷尼紹股份有限公司,太陽能,轉供,24
2024,亞福儲能股份有限公司,嘉義溪墘滯洪池,高雄興亞股份有限公司,太陽能,轉供,18
2024,全利成電力股份有限公司,全利成2號電廠,李長榮化學工業股份有限公司(大社廠),太陽能,轉供,275
2024,全利成電力股份有限公司,全利成2號電廠,李長榮化學工業股份有限公司(高雄廠),太陽能,轉供,68
2024,全利成電力股份有限公司,全利成2號電廠,李長榮科技股份有限公司,太陽能,轉供,68
2024,全利成電力股份有限公司,全利成3號電廠,李長榮化學工業股份有限公司(大社廠),太陽能,轉供,106
2024,全利成電力股份有限公司,全利成3號電廠,李長榮化學工業股份有限公司(高雄廠),太陽能,轉供,107
2024,全利成電力股份有限公司,全利成3號電廠,李長榮科技股份有限公司,太陽能,轉供,67
2024,冠越科技工程股份有限公司,見得行二期太陽光電發電廠,彰化商業銀行股份有限公司,太陽能,轉供,344
2024,凌威風力發電股份有限公司,林口風場,台灣積體電路製造股份有限公司,風力能,轉供,4195
2024,創維風力發電股份有限公司,創維風場,台灣積體電路製造股份有限公司,風力能,轉供,31657
2024,南方電力股份有限公司,鴻元高雄辦公室太陽光電發電廠,新加坡商全美世界控股有限公司台灣分公司,太陽能,轉供,4
2024,南方電力股份有限公司,嘉義縣東石鄉栗子崙段388地號太陽光電發電廠,亞福儲能股份有限公司,太陽能,轉供,5
2024,南方電力股份有限公司,嘉義縣東石鄉栗子崙段388地號太陽光電發電廠,欣泰石油氣股份有限公司,太陽能,轉供,1
2024,南方電力股份有限公司,嘉義縣東石鄉栗子崙段388地號太陽光電發電廠,永豐商業銀行股份有限公司,太陽能,轉供,27
2024,南方電力股份有限公司,嘉義縣東石鄉栗子崙段388地號太陽光電發電廠,王美桃,太陽能,轉供,2
2024,南方電力股份有限公司,嘉義縣東石鄉栗子崙段388地號太陽光電發電廠,胤源企業有限公司,太陽能,轉供,1
2024,南方電力股份有限公司,嘉義縣東石鄉栗子崙段388地號太陽光電發電廠,逸盛科技股份有限公司,太陽能,轉供,2
2024,南方電力股份有限公司,嘉義縣東石鄉栗子崙段388地號太陽光電發電廠,達勝科技股份有限公司,太陽能,轉供,1
2024,南方電力股份有限公司,嘉義縣東石鄉栗子崙段388地號太陽光電發電廠,隆宜實業有限公司,太陽能,轉供,17
2024,南方電力股份有限公司,嘉義縣東石鄉栗子崙段388地號太陽光電發電廠2期,晟銘電子科技股份有限公司,太陽能,轉供,1
2024,南方電力股份有限公司,嘉義縣東石鄉栗子崙段388地號太陽光電發電廠2期,永豐商業銀行股份有限公司,太陽能,轉供,57
2024,南方電力股份有限公司,嘉義縣東石鄉栗子崙段388地號太陽光電發電廠2期,葡萄王生技股份有限公司,太陽能,轉供,33
2024,南方電力股份有限公司,十源388地號,永豐商業銀行股份有限公司,太陽能,轉供,113
2024,南方電力股份有限公司,台南市學甲區宅子港段165-123地號太陽光電發電廠,友訊科技股份有限公司,太陽能,轉供,3
2024,南方電力股份有限公司,台南市學甲區宅子港段165-123地號太陽光電發電廠,永豐商業銀行股份有限公司,太陽能,轉供,75
2024,南方電力股份有限公司,屏東鹽埔太陽光電發電廠,永豐商業銀行股份有限公司,太陽能,轉供,152
2024,南方電力股份有限公司,屏東鹽埔太陽光電發電廠,淨毒五郎有限公司,太陽能,轉供,2
2024,南方電力股份有限公司,嘉義縣東石鄉栗子崙段128-12地號太陽光電發電廠,永豐商業銀行股份有限公司,太陽能,轉供,105
2024,博曜電力股份有限公司,心忠學甲第一型太陽光電發電廠,乾坤科技股份有限公司,太陽能,轉供,2388
2024,博曜電力股份有限公司,心忠學甲第一型太陽光電發電廠,台達電子工業股份有限公司,太陽能,轉供,17517
2024,博曜電力股份有限公司,心忠學甲第一型太陽光電發電廠,晶睿通訊股份有限公司,太陽能,轉供,656
2024,博曜電力股份有限公司,心忠學甲第一型太陽光電發電廠,遊戲橘子數位科技股份有限公司,太陽能,轉供,252
2024,台康日能科技股份有限公司,嘉義公館滯洪池,緯穎科技服務股份有限公司,太陽能,轉供,343
2024,台康日能科技股份有限公司,高雄典寶溪滯洪池,台北世界貿易中心國際貿易大樓(股)公司,太陽能,轉供,26
2024,台康日能科技股份有限公司,高雄典寶溪滯洪池,科德寶遠東股份有限公司,太陽能,轉供,500
2024,台康日能科技股份有限公司,高雄典寶溪滯洪池,資誠聯合會計師事務所,太陽能,轉供,21
2024,台康日能科技股份有限公司,嘉義溪墘滯洪池,第一商業銀行股份有限公司,太陽能,轉供,552
2024,台康日能科技股份有限公司,嘉義溪墘滯洪池,第一商業銀行股份有限公司,太陽能,轉供,337
2024,台康日能科技股份有限公司,嘉義溪墘滯洪池,緯創資通股份有限公司,太陽能,轉供,1913
2024,台汽電綠能股份有限公司,竹南風力發電廠,台灣積體電路製造股份有限公司,風力能,轉供,4962
2024,台汽電綠能股份有限公司,大鵬風力發電廠,台灣積體電路製造股份有限公司,風力能,轉供,8537
2024,台汽電綠能股份有限公司,鑫光電能有限公司,台北富邦商業銀行股份有限公司,太陽能,轉供,189
2024,台汽電綠能股份有限公司,鑫光電能有限公司,台灣固網股份有限公司,太陽能,轉供,893
2024,台汽電綠能股份有限公司,鑫光電能有限公司,財團法人中華民國證券櫃檯買賣中心,太陽能,轉供,72
2024,台汽電綠能股份有限公司,鑫光電能有限公司,財團法人台灣綜合研究院,太陽能,轉供,8
2024,台汽電綠能股份有限公司,星寶風力發電廠,乾坤科技股份有限公司,風力能,轉供,1544
2024,台汽電綠能股份有限公司,星寶風力發電廠,台灣固網股份有限公司,風力能,轉供,2382
2024,台汽電綠能股份有限公司,星寶風力發電廠,台灣大哥大股份有限公司,風力能,轉供,668
2024,台汽電綠能股份有限公司,星寶風力發電廠,台達電子工業股份有限公司,風力能,轉供,11097
2024,台汽電綠能股份有限公司,烏山頭水力發電廠,華美光學科技股份有限公司,水力能,轉供,271
2024,台汽電綠能股份有限公司,烏山頭水力發電廠,采鈺科技股份有限公司,水力能,轉供,3108
2024,台汽電綠能股份有限公司,力麗企業廠房屋頂太陽光電發電廠,台灣優衣庫有限公司,太陽能,轉供,1258
2024,台汽電綠能股份有限公司,烏山頭水庫水面型太陽光電發電系統,協勝發鋼鐵廠股份有限公司,太陽能,轉供,351
2024,台汽電綠能股份有限公司,烏山頭水庫水面型太陽光電發電系統,台北富邦商業銀行股份有限公司,太陽能,轉供,604
2024,台汽電綠能股份有限公司,烏山頭水庫水面型太陽光電發電系統,大統益股份有限公司,太陽能,轉供,225
2024,台汽電綠能股份有限公司,烏山頭水庫水面型太陽光電發電系統,瑞健股份有限公司,太陽能,轉供,1272
2024,台汽電綠能股份有限公司,華晶12,炎洲股份有限公司薄膜廠,太陽能,轉供,163
2024,台灣碳資產電業股份有限公司,存量能源-台中靖鎰電廠,華南商業銀行股份有限公司,太陽能,轉供,74
2024,台灣碳資產電業股份有限公司,存量能源-台中壯佳果電廠,華南商業銀行股份有限公司,太陽能,轉供,266
2024,台灣碳資產電業股份有限公司,彰化全興創新GSK地面型案,華南商業銀行股份有限公司,太陽能,轉供,1
2024,台灣艾貴太陽能源股份有限公司,台灣艾貴義竹發電廠,台灣積體電路製造股份有限公司,太陽能,轉供,22418
2024,台灣速力綠能股份有限公司,速力綠能芳苑發電廠第二機組,世界先進積體電路股份有限公司,太陽能,轉供,1508
2024,台灣速力綠能股份有限公司,速力綠能芳苑發電廠第一機組,世界先進積體電路股份有限公司,太陽能,轉供,2021
2024,名竣綠能股份有限公司,台南市柳營區義士路一段373號發電廠,名竣能源科技股份有限公司,太陽能,轉供,3
2024,城市發展電業股份有限公司,屏東林邊鎮安太陽光電發電廠-第一期,台北富邦商業銀行股份有限公司,太陽能,轉供,1347
2024,城市發展電業股份有限公司,屏東林邊鎮安太陽光電發電廠-第一期,台灣信越矽利光股份有限公司,太陽能,轉供,1007
2024,城市發展電業股份有限公司,屏東林邊鎮安太陽光電發電廠-第一期,富邦產物保險股份有限公司,太陽能,轉供,200
2024,城市發展電業股份有限公司,屏東林邊鎮安太陽光電發電廠-第一期,富邦綜合證券股份有限公司,太陽能,轉供,209
2024,城市發展電業股份有限公司,屏東林邊鎮安太陽光電發電廠-第一期,寶晶能源股份有限公司,太陽能,轉供,17
2024,城市發展電業股份有限公司,屏東林邊鎮安太陽光電發電廠-第一期,崇越電通股份有限公司,太陽能,轉供,11
2024,城市發展電業股份有限公司,屏東林邊鎮安太陽光電發電廠-第一期,瑞振工業股份有限公司,太陽能,轉供,361
2024,大同智能股份有限公司,臺北大眾捷運股份有限公司-蘆洲機廠屋頂型太陽光電系統,兆豐票券金融股份有限公司,太陽能,轉供,199
2024,大同智能股份有限公司,臺北大眾捷運股份有限公司-蘆洲機廠屋頂型太陽光電系統,兆豐證券股份有限公司,太陽能,轉供,4
2024,大同智能股份有限公司,臺北大眾捷運股份有限公司-蘆洲機廠屋頂型太陽光電系統,兆豐金融控股股份有限公司,太陽能,轉供,49
2024,大同智能股份有限公司,臺北大眾捷運股份有限公司-蘆洲機廠屋頂型太陽光電系統,合作金庫商業銀行,太陽能,轉供,220
2024,大同智能股份有限公司,臺北大眾捷運股份有限公司-蘆洲機廠屋頂型太陽光電系統,葡萄王生技股份有限公司,太陽能,轉供,60
2024,大同智能股份有限公司,臺北大眾捷運股份有限公司-土城機廠屋頂型太陽光電系統,兆豐國際商業銀行股份有限公司,太陽能,轉供,59
2024,大同智能股份有限公司,臺北大眾捷運股份有限公司-土城機廠屋頂型太陽光電系統,兆豐證券股份有限公司,太陽能,轉供,210
2024,大同智能股份有限公司,臺北大眾捷運股份有限公司-土城機廠屋頂型太陽光電系統,兆豐金融控股股份有限公司,太陽能,轉供,72
2024,大同智能股份有限公司,臺北大眾捷運股份有限公司-土城機廠屋頂型太陽光電系統,台灣茂矽電子股份有限公司,太陽能,轉供,123
2024,大同智能股份有限公司,臺北大眾捷運股份有限公司-土城機廠屋頂型太陽光電系統,合作金庫商業銀行,太陽能,轉供,115
2024,大同智能股份有限公司,彰化縣汙染農地太陽光電系統-鹿昇段748-1、749地號,兆豐國際商業銀行股份有限公司,太陽能,轉供,103
2024,大同智能股份有限公司,彰化縣汙染農地太陽光電系統-振興段973地號,兆豐產物保險股份有限公司,太陽能,轉供,9
2024,大同智能股份有限公司,彰化縣汙染農地太陽光電系統-振興段2209、2210地號,兆豐國際商業銀行股份有限公司,太陽能,轉供,98
2024,大同智能股份有限公司,彰化縣汙染農地太陽光電系統-振興段783、784地號,兆豐產物保險股份有限公司,太陽能,轉供,36
2024,大同智能股份有限公司,彰化縣汙染農地太陽光電系統-鹿崙段554地號,兆豐國際商業銀行股份有限公司,太陽能,轉供,74
2024,大同智能股份有限公司,臺北大眾捷運股份有限公司-新莊機廠屋頂型太陽光電系統,兆豐產物保險股份有限公司,太陽能,轉供,108
2024,大同智能股份有限公司,臺北大眾捷運股份有限公司-新莊機廠屋頂型太陽光電系統,兆豐證券股份有限公司,太陽能,轉供,161
2024,大自然能源電業股份有限公司,佳冬第一期太陽光電發電廠,聯詠科技股份有限公司,太陽能,轉供,527
2024,大自然能源電業股份有限公司,嘉義義竹-1881.6KW,宏匯新北股份有限公司,太陽能,轉供,112
2024,大自然能源電業股份有限公司,嘉義義竹-1881.6KW,聯詠科技股份有限公司,太陽能,轉供,279
2024,天機電力股份有限公司,天機電力股份有限公司,中國砂輪企業股份有限公司,太陽能,轉供,834
2024,天權智慧能源股份有限公司,天權智慧能源股份有限公司,中華電信股份有限公司,太陽能,轉供,1665
2024,天權智慧能源股份有限公司,天權智慧能源股份有限公司,中華電信股份有限公司個人家庭分公司,太陽能,轉供,869
2024,天權智慧能源股份有限公司,天權智慧能源股份有限公司,中華電信股份有限公司資訊技術分公司,太陽能,轉供,1942
2024,天能綠電股份有限公司,旭孝矽品精密工業,玉山商業銀行股份有限公司,太陽能,轉供,777
2024,天能綠電股份有限公司,臺中清水風能訓練中心屋頂型太陽能光電案,旺宏電子股份有限公司,太陽能,轉供,54
2024,天能綠電股份有限公司,臺中清水風能訓練中心屋頂型太陽能光電案,欣銓科技股份有限公司,太陽能,轉供,324
2024,天能綠電股份有限公司,台中八方夜市屋頂型太陽能光電廠,合作金庫證券股份有限公司,太陽能,轉供,4
2024,天能綠電股份有限公司,台中八方夜市屋頂型太陽能光電廠,新光人壽保險股份有限公司,太陽能,轉供,462
2024,天能綠電股份有限公司,台中八方夜市屋頂型太陽能光電廠,新光金保險代理人股份有限公司,太陽能,轉供,5
2024,天能綠電股份有限公司,台中八方夜市屋頂型太陽能光電廠,新光金融控股股份有限公司,太陽能,轉供,200
2024,天能綠電股份有限公司,台中八方夜市屋頂型太陽能光電廠,睿能創意股份有限公司,太陽能,轉供,23
2024,天能綠電股份有限公司,台中八方夜市屋頂型太陽能光電廠,英屬開曼群島商睿能新動力股份有限公司台灣分公司,太陽能,轉供,49
2024,天能綠電股份有限公司,台東大豐段掩埋場地面型太陽能光電案(低壓),三新奧特萊斯股份有限公司,太陽能,轉供,11
2024,天能綠電股份有限公司,台東大豐段掩埋場地面型太陽能光電案(低壓),台灣科思創股份有限公司,太陽能,轉供,5
2024,天能綠電股份有限公司,台東大豐段掩埋場地面型太陽能光電案(低壓),旺宏電子股份有限公司,太陽能,轉供,88
2024,天能綠電股份有限公司,台東大豐段掩埋場地面型太陽能光電案(低壓),睿能創意股份有限公司,太陽能,轉供,154
2024,天能綠電股份有限公司,台中靜宜大學屋頂型太陽能光電廠 第一期,上海商業儲蓄銀行股份有限公司,太陽能,轉供,111
2024,天能綠電股份有限公司,台中靜宜大學屋頂型太陽能光電廠 第二期,上海商業儲蓄銀行股份有限公司,太陽能,轉供,138
2024,天能綠電股份有限公司,台東大豐段掩埋場地面型太陽能光電案(高壓),三新奧特萊斯股份有限公司,太陽能,轉供,93
2024,天能綠電股份有限公司,台東大豐段掩埋場地面型太陽能光電案(高壓),台灣科思創股份有限公司,太陽能,轉供,51
2024,天能綠電股份有限公司,台東大豐段掩埋場地面型太陽能光電案(高壓),旺宏電子股份有限公司,太陽能,轉供,810
2024,天能綠電股份有限公司,台東大豐段掩埋場地面型太陽能光電案(高壓),睿能創意股份有限公司,太陽能,轉供,1430
2024,天能綠電股份有限公司,台南善化中強光電屋頂型太陽能光電案,中強光電股份有限公司,太陽能,轉供,6
2024,天能綠電股份有限公司,台南善化中強光電屋頂型太陽能光電案,中強光電股份有限公司南科分公司第一廠,太陽能,轉供,6
2024,天能綠電股份有限公司,台南善化中強光電屋頂型太陽能光電案,聖戈班先進材料股份有限公司,太陽能,轉供,48
2024,天能綠電股份有限公司,台南北門漁電共生_資策會,金像電子股份有限公司,太陽能,轉供,58
2024,天能綠電股份有限公司,環台光電股份有限公司,金像電子股份有限公司,太陽能,轉供,159
2024,天能綠電股份有限公司,台康萬興四放滯洪池,和益化學工業股份有限公司,太陽能,轉供,657
2024,天能綠電股份有限公司,台康萬興四放滯洪池,旺宏電子股份有限公司,太陽能,轉供,919
2024,天能綠電股份有限公司,台康萬興四放滯洪池,金像電子股份有限公司,太陽能,轉供,386
2024,天能綠電股份有限公司,雲林廖春風豬舍屋頂型太陽能光電案,金像電子股份有限公司,太陽能,轉供,48
2024,天能綠電股份有限公司,雲林吳棋文豬舍屋頂型太陽能光電案,金像電子股份有限公司,太陽能,轉供,35
2024,天能綠電股份有限公司,高雄三爺埤池999.6kWp水面型太陽光電案場,金像電子股份有限公司,太陽能,轉供,270
2024,天能綠電股份有限公司,高雄下社埤池1600.2kWp水面型太陽光電案場,玉山商業銀行股份有限公司,太陽能,轉供,370
2024,天能綠電股份有限公司,高雄下社埤池1600.2kWp水面型太陽光電案場,金像電子股份有限公司,太陽能,轉供,133
2024,天能綠電股份有限公司,先進複材屋頂型太陽光電案場,欣銓科技股份有限公司,太陽能,轉供,145
2024,天能綠電股份有限公司,先進複材屋頂型太陽光電案場,金像電子股份有限公司,太陽能,轉供,176
2024,天能綠電股份有限公司,雲林縣北港鎮金聯北港一期案場,旺宏電子股份有限公司,太陽能,轉供,99
2024,天能綠電股份有限公司,雲林縣北港鎮金聯北港一期案場,金像電子股份有限公司,太陽能,轉供,52
2024,天能綠電股份有限公司,雲林縣北港鎮金聯北港二期案場,旺宏電子股份有限公司,太陽能,轉供,60
2024,天能綠電股份有限公司,雲林縣北港鎮金聯北港二期案場,金像電子股份有限公司,太陽能,轉供,31
2024,天能綠電股份有限公司,台南市麻豆區金聯麻豆屋頂型太陽光電案場,臺灣集中保管結算所股份有限公司,太陽能,轉供,72
2024,天能綠電股份有限公司,呂永清地面型太陽光電案場,明基材料股份有限公司,太陽能,轉供,91
2024,天能綠電股份有限公司,呂永清地面型太陽光電案場,金像電子股份有限公司,太陽能,轉供,42
2024,天能綠電股份有限公司,林水明地面型太陽光電案場,明基材料股份有限公司,太陽能,轉供,90
2024,天能綠電股份有限公司,林水明地面型太陽光電案場,金像電子股份有限公司,太陽能,轉供,41
2024,天能綠電股份有限公司,林淑毅地面型太陽光電案場,明基材料股份有限公司,太陽能,轉供,29
2024,天能綠電股份有限公司,林淑毅地面型太陽光電案場,金像電子股份有限公司,太陽能,轉供,12
2024,天能綠電股份有限公司,柯進丁地面型太陽光電案場,明基材料股份有限公司,太陽能,轉供,46
2024,天能綠電股份有限公司,柯進丁地面型太陽光電案場,金像電子股份有限公司,太陽能,轉供,49
2024,天能綠電股份有限公司,蔡春成地面型太陽光電案場,明基材料股份有限公司,太陽能,轉供,78
2024,天能綠電股份有限公司,蔡春成地面型太陽光電案場,金像電子股份有限公司,太陽能,轉供,36
2024,天能綠電股份有限公司,蔡瑞泉地面型太陽光電案場,明基材料股份有限公司,太陽能,轉供,113
2024,天能綠電股份有限公司,蔡瑞泉地面型太陽光電案場,金像電子股份有限公司,太陽能,轉供,23
2024,天能綠電股份有限公司,屏東環球購物中心屋頂型太陽能光電案場,臺灣集中保管結算所股份有限公司,太陽能,轉供,56
2024,天能綠電股份有限公司,彰化健馨養護中心屋頂型太陽光電案場,元太科技工業股份有限公司,太陽能,轉供,81
2024,天能綠電股份有限公司,彰化埔心鄉公所太平公墓地面型太陽能光電案場,新光人壽保險股份有限公司,太陽能,轉供,30
2024,天能綠電股份有限公司,彰化埔心鄉公所太平公墓地面型太陽能光電案場,新光證券投資信託股份有限公司,太陽能,轉供,16
2024,天能綠電股份有限公司,彰化埔心鄉公所太平公墓地面型太陽能光電案場,睿能創意股份有限公司,太陽能,轉供,30
2024,天能綠電股份有限公司,彰化埔心鄉公所第五公墓地面型太陽能光電案場,新光人壽保險股份有限公司,太陽能,轉供,30
2024,天能綠電股份有限公司,彰化埔心鄉公所第五公墓地面型太陽能光電案場,新光證券投資信託股份有限公司,太陽能,轉供,21
2024,天能綠電股份有限公司,彰化埔心鄉公所第五公墓地面型太陽能光電案場,睿能創意股份有限公司,太陽能,轉供,31
2024,天能綠電股份有限公司,台南易昇屋頂型太陽光電案場,旺宏電子股份有限公司,太陽能,轉供,208
2024,天能綠電股份有限公司,台南市下營區大屯寮段豬舍二期屋頂型太陽光電案場,聚和國際股份有限公司,太陽能,轉供,40
2024,天能綠電股份有限公司,嘉義縣義竹鄉東後寮段雞舍二期屋頂型太陽光電案場,金像電子股份有限公司,太陽能,轉供,13
2024,天能綠電股份有限公司,嘉義縣義竹鄉東後寮段雞舍一期屋頂型太陽光電案場,金像電子股份有限公司,太陽能,轉供,27
2024,天能綠電股份有限公司,台南市下營區大屯寮段豬舍一期屋頂型太陽光電案場,玉山商業銀行股份有限公司,太陽能,轉供,1
2024,天能綠電股份有限公司,台南市下營區大屯寮段豬舍一期屋頂型太陽光電案場,聚和國際股份有限公司,太陽能,轉供,46
2024,天能綠電股份有限公司,台南北門蚵寮漁電共生專案,全智科技股份有限公司,太陽能,轉供,562
2024,天能綠電股份有限公司,台南北門蚵寮漁電共生專案,旺宏電子股份有限公司,太陽能,轉供,1749
2024,天能綠電股份有限公司,台南北門蚵寮漁電共生專案,欣銓科技股份有限公司,太陽能,轉供,912
2024,天能綠電股份有限公司,台南北門蚵寮漁電共生專案,玉山商業銀行股份有限公司,太陽能,轉供,2024
2024,天能綠電股份有限公司,台南北門蚵寮漁電共生專案,矽格股份有限公司,太陽能,轉供,613
2024,天能綠電股份有限公司,台南北門蚵寮漁電共生專案,金像電子股份有限公司,太陽能,轉供,2430
2024,天能綠電股份有限公司,佳煌科技股份有限公司 (德岱網版印刷),合作金庫證券股份有限公司,太陽能,轉供,63
2024,天能綠電股份有限公司,高雄小港(坪鳳)地面型太陽光電案廠,旺宏電子股份有限公司,太陽能,轉供,307
2024,天能綠電股份有限公司,高雄大寮地面型太陽光電案場,旺宏電子股份有限公司,太陽能,轉供,154
2024,天能綠電股份有限公司,雲林口湖地面型太陽光電案,旺宏電子股份有限公司,太陽能,轉供,97
2024,天能綠電股份有限公司,台南北門三寮灣漁電共生專案,全智科技股份有限公司,太陽能,轉供,415
2024,天能綠電股份有限公司,台南北門三寮灣漁電共生專案,明基材料股份有限公司,太陽能,轉供,1512
2024,天能綠電股份有限公司,台南北門三寮灣漁電共生專案,欣銓科技股份有限公司,太陽能,轉供,1578
2024,天能綠電股份有限公司,台南北門三寮灣漁電共生專案,金像電子股份有限公司,太陽能,轉供,2310
2024,太陽神電力股份有限公司,銧昊股份有限公司,聯詠科技股份有限公司,太陽能,轉供,479
2024,奇異果新能源股份有限公司,台南市菁寮掩埋場太陽光電發電廠,中投有線電視股份有限公司,太陽能,轉供,4
2024,奇異果新能源股份有限公司,台南市菁寮掩埋場太陽光電發電廠,宏匯新北股份有限公司,太陽能,轉供,30
2024,奇異果新能源股份有限公司,台南市菁寮掩埋場太陽光電發電廠,濾能股份有限公司,太陽能,轉供,8
2024,奇異果新能源股份有限公司,北捷北投機廠太陽光電發電廠,中欣實業股份有限公司,太陽能,轉供,83
2024,奇異果新能源股份有限公司,北捷北投機廠太陽光電發電廠,宏匯新北股份有限公司,太陽能,轉供,40
2024,安威風力發電股份有限公司,安威風場一,台灣積體電路製造股份有限公司,風力能,轉供,1692
2024,安威風力發電股份有限公司,安威風場二,台灣積體電路製造股份有限公司,風力能,轉供,2710
2024,安威風力發電股份有限公司,安威風場三,台灣積體電路製造股份有限公司,風力能,轉供,1604
2024,安威風力發電股份有限公司,安威風場四,台灣積體電路製造股份有限公司,風力能,轉供,1434
2024,安威風力發電股份有限公司,安威風場五,台灣積體電路製造股份有限公司,風力能,轉供,1959
2024,富威電力股份有限公司,權聖太陽光電廠,久鼎金屬實業股份有限公司,太陽能,轉供,2
2024,富威電力股份有限公司,權聖太陽光電廠,伊雲谷數位科技股份有限公司,太陽能,轉供,3
2024,富威電力股份有限公司,權聖太陽光電廠,博仲法律事務所,太陽能,轉供,10
2024,富威電力股份有限公司,權聖太陽光電廠,台灣日鑛金屬股份有限公司,太陽能,轉供,7
2024,富威電力股份有限公司,權聖太陽光電廠,訊連科技股份有限公司,太陽能,轉供,1
2024,富威電力股份有限公司,彰苑風力發電廠,中華電信股份有限公司,風力能,轉供,1790
2024,富威電力股份有限公司,彰苑風力發電廠,中華電信股份有限公司個人家庭分公司,風力能,轉供,962
2024,富威電力股份有限公司,彰苑風力發電廠,中華電信股份有限公司資訊技術分公司,風力能,轉供,2203
2024,富威電力股份有限公司,彰苑風力發電廠,乾坤科技股份有限公司,風力能,轉供,169
2024,富威電力股份有限公司,彰苑風力發電廠,元太科技工業股份有限公司,風力能,轉供,215
2024,富威電力股份有限公司,彰苑風力發電廠,博仲法律事務所,風力能,轉供,1
2024,富威電力股份有限公司,彰苑風力發電廠,台灣固網股份有限公司,風力能,轉供,452
2024,富威電力股份有限公司,彰苑風力發電廠,台灣大哥大股份有限公司,風力能,轉供,904
2024,富威電力股份有限公司,彰苑風力發電廠,台灣福雷電子股份有限公司,風力能,轉供,71
2024,富威電力股份有限公司,彰苑風力發電廠,台達電子工業股份有限公司,風力能,轉供,582
2024,富威電力股份有限公司,彰苑風力發電廠,日月光半導體製造股份有限公司,風力能,轉供,1463
2024,富威電力股份有限公司,彰苑風力發電廠,日月光半導體製造股份有限公司中壢分公司,風力能,轉供,329
2024,富威電力股份有限公司,彰苑風力發電廠,緯穎科技服務股份有限公司,風力能,轉供,2
2024,富威電力股份有限公司,彰苑風力發電廠,群聯電子股份有限公司 竹南分公司,風力能,轉供,535
2024,富威電力股份有限公司,彰苑風力發電廠,采鈺科技股份有限公司,風力能,轉供,1343
2024,富威電力股份有限公司,彰苑風力發電廠,高雄晶傑達光電科技股份有限公司,風力能,轉供,252
2024,富威電力股份有限公司,北苑風力發電廠,中華電信股份有限公司,風力能,轉供,1797
2024,富威電力股份有限公司,北苑風力發電廠,中華電信股份有限公司個人家庭分公司,風力能,轉供,945
2024,富威電力股份有限公司,北苑風力發電廠,中華電信股份有限公司資訊技術分公司,風力能,轉供,2085
2024,富威電力股份有限公司,北苑風力發電廠,乾坤科技股份有限公司,風力能,轉供,160
2024,富威電力股份有限公司,北苑風力發電廠,元太科技工業股份有限公司,風力能,轉供,187
2024,富威電力股份有限公司,北苑風力發電廠,南茂科技股份有限公司,風力能,轉供,2
2024,富威電力股份有限公司,北苑風力發電廠,台灣固網股份有限公司,風力能,轉供,396
2024,富威電力股份有限公司,北苑風力發電廠,台灣大哥大股份有限公司,風力能,轉供,793
2024,富威電力股份有限公司,北苑風力發電廠,台灣福雷電子股份有限公司,風力能,轉供,70
2024,富威電力股份有限公司,北苑風力發電廠,台達電子工業股份有限公司,風力能,轉供,596
2024,富威電力股份有限公司,北苑風力發電廠,日月光半導體製造股份有限公司,風力能,轉供,1456
2024,富威電力股份有限公司,北苑風力發電廠,日月光半導體製造股份有限公司中壢分公司,風力能,轉供,292
2024,富威電力股份有限公司,北苑風力發電廠,睿能創意營銷股份有限公司,風力能,轉供,22
2024,富威電力股份有限公司,北苑風力發電廠,睿能創意股份有限公司,風力能,轉供,108
2024,富威電力股份有限公司,北苑風力發電廠,緯穎科技服務股份有限公司,風力能,轉供,1
2024,富威電力股份有限公司,北苑風力發電廠,采鈺科技股份有限公司,風力能,轉供,1179
2024,富威電力股份有限公司,星崴七股太陽光電發電廠,久鼎金屬實業股份有限公司,太陽能,轉供,109
2024,富威電力股份有限公司,星崴七股太陽光電發電廠,僑雄實業股份有限公司,太陽能,轉供,133
2024,富威電力股份有限公司,星崴七股太陽光電發電廠,南帝化學工業股份有限公司,太陽能,轉供,41
2024,富威電力股份有限公司,星崴七股太陽光電發電廠,台灣土地銀行股份有限公司,太陽能,轉供,60
2024,富威電力股份有限公司,星崴七股太陽光電發電廠,台灣微轉股份有限公司,太陽能,轉供,28
2024,富威電力股份有限公司,星崴七股太陽光電發電廠,台灣日鑛金屬股份有限公司,太陽能,轉供,1701
2024,富威電力股份有限公司,星崴七股太陽光電發電廠,台灣歐舒丹股份有限公司,太陽能,轉供,13
2024,富威電力股份有限公司,星崴七股太陽光電發電廠,台灣福雷電子股份有限公司,太陽能,轉供,52
2024,富威電力股份有限公司,星崴七股太陽光電發電廠,少年玩具企業有限公司,太陽能,轉供,25
2024,富威電力股份有限公司,星崴七股太陽光電發電廠,彥豪金屬工業股份有限公司,太陽能,轉供,222
2024,富威電力股份有限公司,星崴七股太陽光電發電廠,日月光半導體製造股份有限公司,太陽能,轉供,1387
2024,富威電力股份有限公司,星崴七股太陽光電發電廠,日月光半導體製造股份有限公司中壢分公司,太陽能,轉供,1890
2024,富威電力股份有限公司,星崴七股太陽光電發電廠,景碩科技股份有限公司,太陽能,轉供,2593
2024,富威電力股份有限公司,星崴七股太陽光電發電廠,漢磊科技股份有限公司,太陽能,轉供,515
2024,富威電力股份有限公司,星崴七股太陽光電發電廠,瑞健股份有限公司,太陽能,轉供,441
2024,富威電力股份有限公司,星崴七股太陽光電發電廠,矽品精密⼯業股份有限公司中科分公司,太陽能,轉供,1223
2024,富威電力股份有限公司,星崴七股太陽光電發電廠,矽品精密⼯業股份有限公司新⽵分公司,太陽能,轉供,299
2024,富威電力股份有限公司,星崴七股太陽光電發電廠,矽品精密工業股份有限公司,太陽能,轉供,2429
2024,富威電力股份有限公司,星崴七股太陽光電發電廠,精材科技股份有限公司,太陽能,轉供,544
2024,富威電力股份有限公司,星崴七股太陽光電發電廠,緯創資通股份有限公司,太陽能,轉供,981
2024,富威電力股份有限公司,星崴七股太陽光電發電廠,緯穎科技服務股份有限公司,太陽能,轉供,161
2024,富威電力股份有限公司,星崴七股太陽光電發電廠,荷蘭商海尼根股份有限公司台灣分公司,太陽能,轉供,2
2024,富威電力股份有限公司,星崴七股太陽光電發電廠,陽明海運股份有限公司,太陽能,轉供,133
2024,富威電力股份有限公司,星崴七股太陽光電發電廠,香奈兒有限公司,太陽能,轉供,191
2024,富威電力股份有限公司,星崴七股太陽光電發電廠,香港商盟倍力股份有限公司台灣分公司,太陽能,轉供,13
2024,富威電力股份有限公司,星崴七股太陽光電發電廠,高雄晶傑達光電科技股份有限公司,太陽能,轉供,12168
2024,富威電力股份有限公司,星崴七股太陽光電發電廠,鴻海精密工業股份有限公司,太陽能,轉供,747
2024,富威電力股份有限公司,玉樹能源第一期、玉樹能源第1-2期,元太科技工業股份有限公司,太陽能,轉供,186
2024,富威電力股份有限公司,玉樹能源第一期、玉樹能源第1-2期,南帝化學工業股份有限公司,太陽能,轉供,62
2024,富威電力股份有限公司,玉樹能源第一期、玉樹能源第1-2期,德州儀器工業股份有限公司,太陽能,轉供,100
2024,富威電力股份有限公司,玉樹能源第一期、玉樹能源第1-2期,緯創資通股份有限公司,太陽能,轉供,5
2024,富威電力股份有限公司,禾迅一號台南鹽水太陽光電發電系統工程,好食在股份有限公司,太陽能,轉供,18
2024,富威電力股份有限公司,禾迅一號台南鹽水太陽光電發電系統工程,建興儲存科技股份有限公司新竹園區分公司,太陽能,轉供,180
2024,富威電力股份有限公司,禾迅一號台南鹽水太陽光電發電系統工程,德州儀器工業股份有限公司,太陽能,轉供,217
2024,富威電力股份有限公司,禾迅一號台南鹽水太陽光電發電系統工程,斯派瑞莎克股份有限公司,太陽能,轉供,14
2024,富威電力股份有限公司,禾迅一號台南鹽水太陽光電發電系統工程,桂冠實業股份有限公司,太陽能,轉供,66
2024,富威電力股份有限公司,禾迅一號台南鹽水太陽光電發電系統工程,臺灣銀行股份有限公司,太陽能,轉供,687
2024,富威電力股份有限公司,禾迅一號台南鹽水太陽光電發電系統工程,訊連科技股份有限公司,太陽能,轉供,73
2024,富威電力股份有限公司,禾迅一號台南鹽水太陽光電發電系統工程,鴻海精密工業股份有限公司,太陽能,轉供,136
2024,寶富電力股份有限公司,屏東林邊鎮安太陽光電發電廠-第一期,合作金庫商業銀行,太陽能,轉供,645
2024,寶富電力股份有限公司,屏東林邊鎮安太陽光電發電廠-第一期,精誠資訊股份有限公司,太陽能,轉供,150
2024,寶富電力股份有限公司,寶興金榮光電廠-枋寮一期,合作金庫商業銀行,太陽能,轉供,2
2024,寶富電力股份有限公司,寶興金榮光電廠-枋寮一期,國泰世華商業銀行股份有限公司,太陽能,轉供,61
2024,寶富電力股份有限公司,寶興金榮光電廠-枋寮一期,矽格聯測股份有限公司,太陽能,轉供,713
2024,寶富電力股份有限公司,寶興金榮光電廠-枋寮一期,矽格股份有限公司,太陽能,轉供,760
2024,寶富電力股份有限公司,寶興金榮光電廠-枋寮一期,臺灣中小企業銀行股份有限公司,太陽能,轉供,922
2024,崎威風力發電股份有限公司,竹南二期風力發電廠,台灣積體電路製造股份有限公司,風力能,轉供,2191
2024,康展電力股份有限公司,嘉義公館滯洪池,康舒科技股份有限公司,太陽能,轉供,123
2024,康展電力股份有限公司,嘉義公館滯洪池,美科實業股份有限公司,太陽能,轉供,21
2024,康展電力股份有限公司,台康萬興四放滯洪池,亞洲水泥股份有限公司,太陽能,轉供,232
2024,康展電力股份有限公司,台康萬興四放滯洪池,台灣諾和諾德藥品股份有限公司,太陽能,轉供,25
2024,康展電力股份有限公司,台康萬興四放滯洪池,遠東新世紀股份有限公司-台北總公司,太陽能,轉供,329
2024,恩富資本太陽能股份有限公司,台南北門蚵寮漁電共生專案,特許投資顧問股份有限公司,太陽能,轉供,2787
2024,成勁電力股份有限公司,成勁一期臺南關廟太陽光電發電廠,友達光電股份有限公司,太陽能,轉供,3592
2024,日集綠能股份有限公司,北勢寮段太陽光電發電廠,友達光電股份有限公司,太陽能,轉供,1023
2024,日集綠能股份有限公司,日集潭頂段,友達光電股份有限公司,太陽能,轉供,835
2024,日集綠能股份有限公司,日集隆安段太陽光電發電廠,友達光電股份有限公司,太陽能,轉供,804
2024,日集綠能股份有限公司,日集洛陽段太陽光電發電廠,友達光電股份有限公司,太陽能,轉供,853
2024,日集綠能股份有限公司,日集舊庄段太陽光電發電廠,友達光電股份有限公司,太陽能,轉供,305
2024,日集綠能股份有限公司,日集保力小段太陽光電發電廠,友達光電股份有限公司,太陽能,轉供,634
2024,日集綠能股份有限公司,日集恆春機場段太陽光電發電廠,友達光電股份有限公司,太陽能,轉供,398
2024,日集綠能股份有限公司,日集大平頂太陽光電發電廠,友達光電股份有限公司,太陽能,轉供,788
2024,星星電力股份有限公司,臺南市北門區第一期太陽光電發電系統工程,中國信託商業銀行股份有限公司,太陽能,轉供,400
2024,星星電力股份有限公司,臺南市北門區第一期太陽光電發電系統工程,台北金融大樓公司,太陽能,轉供,845
2024,星星電力股份有限公司,臺南市北門區第一期太陽光電發電系統工程,台灣固網股份有限公司,太陽能,轉供,844
2024,星星電力股份有限公司,臺南市北門區第一期太陽光電發電系統工程,台灣大哥大股份有限公司,太陽能,轉供,552
2024,星星電力股份有限公司,臺南市北門區第一期太陽光電發電系統工程,台灣資生堂股份有限公司,太陽能,轉供,259
2024,星星電力股份有限公司,臺南市北門區第一期太陽光電發電系統工程,玉山商業銀行股份有限公司,太陽能,轉供,1002
2024,星星電力股份有限公司,臺南市北門區第一期太陽光電發電系統工程,臺灣湯淺電池股份有限公司,太陽能,轉供,20
2024,星星電力股份有限公司,臺南市北門區第一期太陽光電發電系統工程,臺灣證券交易所股份有限公司,太陽能,轉供,2846
2024,星星電力股份有限公司,臺南市北門區第一期太陽光電發電系統工程,野村證券投資信託股份有限公司,太陽能,轉供,47
2024,星星電力股份有限公司,臺南市北門區第一期太陽光電發電系統工程,香奈兒有限公司,太陽能,轉供,70
2024,星星電力股份有限公司,台康萬興四放滯洪池,台灣固網股份有限公司,太陽能,轉供,367
2024,星星電力股份有限公司,台康萬興四放滯洪池,台灣大哥大股份有限公司,太陽能,轉供,1929
2024,星星電力股份有限公司,台康萬興四放滯洪池,永豐商業銀行股份有限公司,太陽能,轉供,865
2024,映暉能源有限公司,映暉能源第一期太陽光電發電廠,南亞科技股份有限公司,太陽能,轉供,1248
2024,映暉能源有限公司,映暉能源第2-1期、第2-2期太陽光電發電廠,南亞科技股份有限公司,太陽能,轉供,810
2024,映暉能源有限公司,映暉能源第3-1期太陽光電發電廠,南亞科技股份有限公司,太陽能,轉供,458
2024,映暉能源有限公司,映暉能源第6-1期太陽光電發電廠,南亞科技股份有限公司,太陽能,轉供,436
2024,映暉能源有限公司,映暉能源第7-1期太陽光電發電廠,南亞科技股份有限公司,太陽能,轉供,345
2024,昱鼎能源科技開發股份有限公司,台南市菁寮掩埋場太陽光電發電廠,中鼎工程股份有限公司,太陽能,轉供,25
2024,昱鼎能源科技開發股份有限公司,台南市菁寮掩埋場太陽光電發電廠,耀鼎資源循環股份有限公司,太陽能,轉供,23
2024,昱鼎能源科技開發股份有限公司,台中港公共倉儲太陽光電發電廠,中鼎工程股份有限公司,太陽能,轉供,1
2024,昱鼎能源科技開發股份有限公司,台中港旅客服務中心停車場太陽光電發電廠,中鼎工程股份有限公司,太陽能,轉供,236
2024,昱鼎能源科技開發股份有限公司,台中港旅客服務中心停車場太陽光電發電廠,台灣康寧顯示玻璃股份有限公司,太陽能,轉供,180
2024,昱鼎能源科技開發股份有限公司,台中港旅客服務中心停車場太陽光電發電廠,萬鼎工程服務股份有限公司,太陽能,轉供,2
2024,昱鼎能源科技開發股份有限公司,高雄港二櫃63倉太陽光電發電廠,中鼎工程股份有限公司,太陽能,轉供,43
2024,昱鼎能源科技開發股份有限公司,高雄港二櫃66倉太陽光電發電廠,中鼎工程股份有限公司,太陽能,轉供,47
2024,昱鼎能源科技開發股份有限公司,高雄港三櫃68、69倉太陽光電發電廠,中鼎工程股份有限公司,太陽能,轉供,1
2024,昱鼎能源科技開發股份有限公司,嘉義布袋港(第三停車場)太陽光電發電廠,中鼎工程股份有限公司,太陽能,轉供,198
2024,昱鼎能源科技開發股份有限公司,嘉義布袋港(第三停車場)太陽光電發電廠,台灣康寧顯示玻璃股份有限公司,太陽能,轉供,106
2024,昱鼎能源科技開發股份有限公司,嘉義布袋港(第三停車場)太陽光電發電廠,萬鼎工程服務股份有限公司,太陽能,轉供,2
2024,昱鼎能源科技開發股份有限公司,嘉義竹崎掩埋場太陽光電發電廠,台灣康寧顯示玻璃股份有限公司,太陽能,轉供,215
2024,昱鼎能源科技開發股份有限公司,嘉義竹崎掩埋場太陽光電發電廠,宜鼎國際股份有限公司,太陽能,轉供,187
2024,昱鼎電業股份有限公司,臺南市新營掩埋場3&amp;4期太陽光電發電廠,台灣康寧顯示玻璃股份有限公司,太陽能,轉供,592
2024,昱鼎電業股份有限公司,臺南市新營掩埋場5期太陽光電發電廠,台灣康寧顯示玻璃股份有限公司,太陽能,轉供,1288
2024,昱鼎電業股份有限公司,台北自來水長興淨水廠太陽光電發電廠,台灣康寧顯示玻璃股份有限公司,太陽能,轉供,1
2024,曄恆能源股份有限公司,曄恆嘉義鹽地太陽光電廠,台灣積體電路製造股份有限公司,太陽能,轉供,16153
2024,曜越綠電股份有限公司,鎔利太陽光電發電廠,台灣晶技股份有限公司,太陽能,轉供,79
2024,曜越綠電股份有限公司,興隆興太陽光電發電廠,崇越科技股份有限公司,太陽能,轉供,71
2024,曜越綠電股份有限公司,興隆興太陽光電發電廠,鉅鋼機械股份有限公司,太陽能,轉供,73
2024,曜越綠電股份有限公司,進安國際太陽光電發電廠,台灣晶技股份有限公司,太陽能,轉供,109
2024,東鋼風力發電股份有限公司,東鋼風力發電股份有限公司,東和鋼鐵企業股份有限公司,風力能,轉供,8385
2024,桃威風力發電股份有限公司,新屋風力發電廠,台灣積體電路製造股份有限公司,風力能,轉供,3313
2024,永能風力發電股份有限公司,竹南鎮龍鳳里及海口里風場,台灣積體電路製造股份有限公司,風力能,轉供,1028
2024,永能風力發電股份有限公司,竹南鎮海口北風場,台灣積體電路製造股份有限公司,風力能,轉供,972
2024,泓德能源科技股份有限公司,星星電力-YL南波萬,台灣固網股份有限公司,太陽能,轉供,312
2024,泓德能源科技股份有限公司,星星電力-TN柳營1號,太登太陽能股份有限公司,太陽能,轉供,8
2024,泓德能源科技股份有限公司,星星電力-TN柳營1號,永佳環球有限公司,太陽能,轉供,15
2024,泓德能源科技股份有限公司,星星電力-TN柳營1號,泓德能源科技股份有限公司,太陽能,轉供,32
2024,泓德能源科技股份有限公司,星星電力-TN柳營1號,玉山商業銀行股份有限公司,太陽能,轉供,27
2024,泰陽光電股份有限公司,泰陽義竹1-1期,緯穎科技服務股份有限公司,太陽能,轉供,708
2024,清風風力發電股份有限公司,清水風場,台灣積體電路製造股份有限公司,風力能,轉供,1093
2024,玉衡智慧能源股份有限公司,玉衡智慧能源股份有限公司,中華電信股份有限公司,太陽能,轉供,1644
2024,玉衡智慧能源股份有限公司,玉衡智慧能源股份有限公司,中華電信股份有限公司個人家庭分公司,太陽能,轉供,858
2024,玉衡智慧能源股份有限公司,玉衡智慧能源股份有限公司,中華電信股份有限公司資訊技術分公司,太陽能,轉供,1919
2024,瑤光智慧能源股份有限公司,瑤光智慧能源股份有限公司,力晶積成電子製造股份有限公司,太陽能,轉供,805
2024,環台光電股份有限公司,環台光電股份有限公司,合晶科技股份有限公司,太陽能,轉供,354
2024,環台光電股份有限公司,環台光電股份有限公司,合晶科技股份有限公司楊梅分公司,太陽能,轉供,185
2024,環台光電股份有限公司,環台光電股份有限公司,墨達思精密工業股份有限公司,太陽能,轉供,34
2024,環台光電股份有限公司,環台光電股份有限公司,富鐿實業股份有限公司,太陽能,轉供,49
2024,環台光電股份有限公司,環台光電股份有限公司,鋐光實業股份有限公司,太陽能,轉供,276
2024,瓦力電能股份有限公司,臺南市官田區317.7瓩,微電能源股份有限公司,太陽能,轉供,1
2024,瓦特先生股份有限公司,國源汽車二期,元太科技工業股份有限公司,太陽能,轉供,4
2024,瓦特先生股份有限公司,國源汽車二期,台灣萊雅股份有限公司,太陽能,轉供,10
2024,瓦特先生股份有限公司,台南一期,元太科技工業股份有限公司,太陽能,轉供,2
2024,瓦特先生股份有限公司,大甲野寶,元大商業銀行股份有限公司,太陽能,轉供,277
2024,瓦特先生股份有限公司,大甲野寶,元大期貨股份有限公司,太陽能,轉供,79
2024,瓦特先生股份有限公司,大甲野寶,元大證券股份有限公司,太陽能,轉供,320
2024,瓦特先生股份有限公司,大甲野寶,台灣萊雅股份有限公司,太陽能,轉供,120
2024,瓦特先生股份有限公司,大甲野寶,野寶科技股份有限公司,太陽能,轉供,2
2024,瓦特先生股份有限公司,雲林一期,元大證券股份有限公司,太陽能,轉供,3
2024,瓦特先生股份有限公司,雲林一期,台灣萊雅股份有限公司,太陽能,轉供,94
2024,瓦特先生股份有限公司,屏東一期,陳坤宏,太陽能,轉供,1
2024,瓦特先生股份有限公司,屏東二期,陳坤宏,太陽能,轉供,1
2024,瓦特先生股份有限公司,彰化有鴻,元大商業銀行股份有限公司,太陽能,轉供,15
2024,瓦特先生股份有限公司,彰化有鴻,元大證券股份有限公司,太陽能,轉供,13
2024,瓦特先生股份有限公司,彰化有鴻,元太科技工業股份有限公司,太陽能,轉供,44
2024,瓦特先生股份有限公司,彰化有鴻,台灣萊雅股份有限公司,太陽能,轉供,97
2024,瓦特先生股份有限公司,彰化有鴻,新加坡商克蘭詩股份有限公司台灣分公司,太陽能,轉供,8
2024,瓦特先生股份有限公司,岡山融嘉泰TW190993,信義房屋股份有限公司,太陽能,轉供,12
2024,瓦特先生股份有限公司,岡山融嘉泰TW190993,元大商業銀行股份有限公司,太陽能,轉供,307
2024,瓦特先生股份有限公司,岡山融嘉泰TW190993,元大證券股份有限公司,太陽能,轉供,34
2024,瓦特先生股份有限公司,岡山融嘉泰TW190993,台灣萊雅股份有限公司,太陽能,轉供,30
2024,瓦特先生股份有限公司,屏南京沅鎢業,信義房屋股份有限公司,太陽能,轉供,10
2024,瓦特先生股份有限公司,屏南京沅鎢業,元大人壽保險股份有限公司,太陽能,轉供,26
2024,瓦特先生股份有限公司,屏南京沅鎢業,元大商業銀行股份有限公司,太陽能,轉供,42
2024,瓦特先生股份有限公司,屏南京沅鎢業,元大證券股份有限公司,太陽能,轉供,35
2024,瓦特先生股份有限公司,屏南京沅鎢業,元太科技工業股份有限公司,太陽能,轉供,29
2024,瓦特先生股份有限公司,屏南京沅鎢業,台灣萊雅股份有限公司,太陽能,轉供,406
2024,瓦特先生股份有限公司,屏南京沅鎢業,辛達實業股份有限公司,太陽能,轉供,37
2024,瓦特先生股份有限公司,一德金屬TW190995,元大商業銀行股份有限公司,太陽能,轉供,47
2024,瓦特先生股份有限公司,一德金屬TW190995,元大證券股份有限公司,太陽能,轉供,36
2024,瓦特先生股份有限公司,一德金屬TW190995,王道商業銀行股份有限公司,太陽能,轉供,25
2024,瓦特先生股份有限公司,新營大昶貿易TW190997,元大商業銀行股份有限公司,太陽能,轉供,137
2024,瓦特先生股份有限公司,新營大昶貿易TW190997,元大證券股份有限公司,太陽能,轉供,76
2024,瓦特先生股份有限公司,新營大昶貿易TW190997,元太科技工業股份有限公司,太陽能,轉供,3
2024,瓦特先生股份有限公司,台南女中TW190992,元大人壽保險股份有限公司,太陽能,轉供,118
2024,瓦特先生股份有限公司,台南女中TW190992,元大期貨股份有限公司,太陽能,轉供,42
2024,瓦特先生股份有限公司,台南女中TW190992,元大證券投資信託股份有限公司,太陽能,轉供,124
2024,瓦特先生股份有限公司,台南女中TW190992,元太科技工業股份有限公司,太陽能,轉供,30
2024,瓦特先生股份有限公司,台南女中TW190992,新加坡商克蘭詩股份有限公司台灣分公司,太陽能,轉供,11
2024,瓦特先生股份有限公司,睿禾控股_後港國小(頂山校區),國泰人壽保險股份有限公司,太陽能,轉供,67
2024,瓦特先生股份有限公司,高雄家樂實業TW190996,元太科技工業股份有限公司,太陽能,轉供,42
2024,瓦特先生股份有限公司,岡山日出畜牧場,元太科技工業股份有限公司,太陽能,轉供,212
2024,瓦特先生股份有限公司,北科附工一期,元大商業銀行股份有限公司,太陽能,轉供,115
2024,瓦特先生股份有限公司,北科附工一期,元大證券股份有限公司,太陽能,轉供,135
2024,瓦特先生股份有限公司,北科附工二期,元大商業銀行股份有限公司,太陽能,轉供,75
2024,瓦特先生股份有限公司,北科附工二期,元大證券股份有限公司,太陽能,轉供,195
2024,立為風力發電股份有限公司,立為風場一,台灣積體電路製造股份有限公司,風力能,轉供,3464
2024,立為風力發電股份有限公司,立為風場二,台灣積體電路製造股份有限公司,風力能,轉供,6793
2024,立為風力發電股份有限公司,立為風場三,台灣積體電路製造股份有限公司,風力能,轉供,5401
2024,立為風力發電股份有限公司,立為風場四,台灣積體電路製造股份有限公司,風力能,轉供,8717
2024,續興股份有限公司,恆伍第一期太陽光電發電廠,晶兆成科技,太陽能,轉供,353
2024,續興股份有限公司,旭信電力宜蘭廠,力成科技股份有限公司,太陽能,轉供,109
2024,續興股份有限公司,旭信電力宜蘭廠,和昌精密股份有限公司,太陽能,轉供,22
2024,續興股份有限公司,旭愛能源普威廠,力成科技股份有限公司,太陽能,轉供,157
2024,續興股份有限公司,旭愛能源宜蘭廠,力成科技股份有限公司,太陽能,轉供,115
2024,續興股份有限公司,旭愛能源台特化廠,力成科技股份有限公司,太陽能,轉供,357
2024,續興股份有限公司,旭愛有益廠,力成科技股份有限公司,太陽能,轉供,120
2024,續興股份有限公司,旭愛能源建誌廠,力成科技股份有限公司,太陽能,轉供,24
2024,續興股份有限公司,旭愛能源維堤廠,和昌精密股份有限公司,太陽能,轉供,10
2024,能元超商股份有限公司,彰旺風力發電,乃興企業股份有限公司,風力能,轉供,25
2024,能元超商股份有限公司,彰旺風力發電,南運體育用品股份有限公司,風力能,轉供,7
2024,能元超商股份有限公司,彰旺風力發電,榮輪科技股份有限公司,風力能,轉供,123
2024,能元超商股份有限公司,彰旺風力發電,瀚宇彩晶股份有限公司,風力能,轉供,2318
2024,能元超商股份有限公司,彰旺風力發電,福人化學股份有限公司,風力能,轉供,40
2024,能元超商股份有限公司,彰旺風力發電,競泰股份有限公司,風力能,轉供,21
2024,能元超商股份有限公司,彰旺風力發電,華邦電子股份有限公司,風力能,轉供,2318
2024,能元超商股份有限公司,台泥綠能彰濱風力發電廠,台灣應用材料股份有限公司,風力能,轉供,1079
2024,能元超商股份有限公司,台泥綠能彰濱風力發電廠,台灣華可貴股份有限公司,風力能,轉供,2622
2024,能元超商股份有限公司,台泥綠能彰濱風力發電廠,瀚宇彩晶股份有限公司,風力能,轉供,1106
2024,能元超商股份有限公司,台泥綠能彰濱風力發電廠,華東科技股份有限公司,風力能,轉供,366
2024,能貿綠電科技股份有限公司,星崴七股太陽光電發電廠,振芳股份有限公司,太陽能,轉供,1216
2024,花蓮綠能股份有限公司,名間電力股份有限公司 水力發電廠,乾坤科技股份有限公司,水力能,轉供,899
2024,花蓮綠能股份有限公司,名間電力股份有限公司 水力發電廠,台達電子工業股份有限公司,水力能,轉供,535
2024,花蓮綠能股份有限公司,名間電力股份有限公司 水力發電廠,晶睿通訊股份有限公司,水力能,轉供,22
2024,觀威風力發電股份有限公司,觀音風力發電廠,台灣積體電路製造股份有限公司,風力能,轉供,28083
2024,豐威風力發電股份有限公司,豐威風場一,台灣積體電路製造股份有限公司,風力能,轉供,5395
2024,豐威風力發電股份有限公司,豐威風場二,台灣積體電路製造股份有限公司,風力能,轉供,2427
2024,豐威風力發電股份有限公司,豐威風場三,台灣積體電路製造股份有限公司,風力能,轉供,1348
2024,辰亞電力股份有限公司,崙尾東一號電廠,聯華電子股份有限公司,太陽能,轉供,7352
2024,辰華電力股份有限公司,崙尾東三號電廠,亞東綠材股份有限公司,太陽能,轉供,396
2024,辰華電力股份有限公司,崙尾東三號電廠,台灣艾司摩爾科技股份有限公司,太陽能,轉供,4
2024,辰華電力股份有限公司,崙尾東三號電廠,台灣艾司摩爾股份有限公司台南分公司,太陽能,轉供,837
2024,辰華電力股份有限公司,崙尾東三號電廠,新世紀資通股份有限公司,太陽能,轉供,2886
2024,辰華電力股份有限公司,崙尾東三號電廠,東聯化學股份有限公司,太陽能,轉供,997
2024,辰華電力股份有限公司,崙尾東三號電廠,遠東新世紀股份有限公司,太陽能,轉供,1584
2024,通威風力發電股份有限公司,通威風場一,台灣積體電路製造股份有限公司,風力能,轉供,7167
2024,通威風力發電股份有限公司,通威風場二,台灣積體電路製造股份有限公司,風力能,轉供,3560
2024,遠勁綠能股份有限公司,永豐餘大甲廠太陽光電發電廠,友達光電股份有限公司,太陽能,轉供,2098
2024,遠勁綠能股份有限公司,遠勁中華紙漿久堂廠,友達光電股份有限公司,太陽能,轉供,1570
2024,遠勁綠能股份有限公司,遠勁永豐餘高雄,友達光電股份有限公司,太陽能,轉供,1709
2024,開陽智慧能源股份有限公司,開陽智慧能源股份有限公司,力晶積成電子製造股份有限公司,太陽能,轉供,27
2024,開陽智慧能源股份有限公司,開陽智慧能源股份有限公司,台新創業投資股份有限公司,太陽能,轉供,8
2024,開陽智慧能源股份有限公司,開陽智慧能源股份有限公司,台新國際商業銀行,太陽能,轉供,6982
2024,開陽智慧能源股份有限公司,開陽智慧能源股份有限公司,台新證券投資顧問股份有限公司,太陽能,轉供,35
2024,開陽智慧能源股份有限公司,開陽智慧能源股份有限公司,台新金融控股股份有限公司,太陽能,轉供,29
2024,開陽智慧能源股份有限公司,開陽智慧能源股份有限公司,國票綜合證券股份有限公司,太陽能,轉供,98
2024,開陽智慧能源股份有限公司,開陽智慧能源股份有限公司,國票金融控股股份有限公司,太陽能,轉供,11
2024,開陽智慧能源股份有限公司,開陽智慧能源股份有限公司,國際票券金融股份有限公司,太陽能,轉供,77
2024,陽光伏特家電力股份有限公司,春源鋼鐵,台灣大哥大股份有限公司,太陽能,轉供,402
2024,陽光伏特家電力股份有限公司,成勁電力股份有限公司,台灣屈臣氏個人用品商店股份有限公司,太陽能,轉供,62
2024,陽光伏特家電力股份有限公司,成勁電力股份有限公司,欣銓科技股份有限公司,太陽能,轉供,495
2024,陽光伏特家電力股份有限公司,成勁電力股份有限公司,高雄塑酯化學工業股份有限公司,太陽能,轉供,117
2024,陽光伏特家電力股份有限公司,奇美綠能園區一期,合作金庫人壽保險股份有限公司,太陽能,轉供,50
2024,陽光伏特家電力股份有限公司,奇美綠能園區一期,大醫生技股份有限公司,太陽能,轉供,21
2024,陽光伏特家電力股份有限公司,奇美綠能園區一期,嬌聯股份有限公司,太陽能,轉供,150
2024,陽光伏特家電力股份有限公司,奇美綠能園區一期,昇佳電子股份有限公司,太陽能,轉供,33
2024,陽光伏特家電力股份有限公司,奇美綠能園區一期,普萊德科技股份有限公司,太陽能,轉供,41
2024,陽光伏特家電力股份有限公司,奇美綠能園區一期,欣銓科技股份有限公司,太陽能,轉供,397
2024,陽光伏特家電力股份有限公司,奇美綠能園區一期,歐萊德國際股份有限公司,太陽能,轉供,28
2024,陽光伏特家電力股份有限公司,奇美綠能園區一期,理盛精密科技股份有限公司,太陽能,轉供,8
2024,陽光伏特家電力股份有限公司,奇美綠能園區一期,瑞士商弗克司股份有限公司台灣分公司,太陽能,轉供,215
2024,陽光伏特家電力股份有限公司,奇美綠能園區一期,睿能創意營銷股份有限公司,太陽能,轉供,235
2024,陽光伏特家電力股份有限公司,奇美綠能園區一期,第一金人壽保險股份有限公司,太陽能,轉供,36
2024,陽光伏特家電力股份有限公司,奇美綠能園區一期,第一金融資產管理股份有限公司,太陽能,轉供,9
2024,陽光伏特家電力股份有限公司,奇美綠能園區一期,第一金證券投資信託股份有限公司,太陽能,轉供,35
2024,陽光伏特家電力股份有限公司,奇美綠能園區一期,第一金證券股份有限公司,太陽能,轉供,108
2024,陽光伏特家電力股份有限公司,奇美綠能園區一期,臺灣期貨交易所股份有限公司,太陽能,轉供,140
2024,陽光伏特家電力股份有限公司,奇美綠能園區一期,臺灣港務股份有限公司,太陽能,轉供,4
2024,陽光伏特家電力股份有限公司,奇美綠能園區一期,華美光學科技股份有限公司,太陽能,轉供,24
2024,陽光伏特家電力股份有限公司,奇美綠能園區一期,財團法人中國生產力中心,太陽能,轉供,18
2024,陽光伏特家電力股份有限公司,奇美綠能園區一期,資誠聯合會計師事務所,太陽能,轉供,380
2024,陽光伏特家電力股份有限公司,奇美綠能園區一期,高雄塑酯化學工業股份有限公司,太陽能,轉供,72
2024,陽光伏特家電力股份有限公司,奇美綠能園區二期,信義房屋股份有限公司,太陽能,轉供,732
2024,陽光伏特家電力股份有限公司,奇美綠能園區二期,元太科技工業股份有限公司,太陽能,轉供,50
2024,陽光伏特家電力股份有限公司,奇美綠能園區二期,台灣大哥大股份有限公司,太陽能,轉供,200
2024,陽光伏特家電力股份有限公司,奇美綠能園區二期,永豐金證券股份有限公司,太陽能,轉供,571
2024,陽光伏特家電力股份有限公司,奇美綠能園區二期,王道商業銀行股份有限公司,太陽能,轉供,272
2024,陽光伏特家電力股份有限公司,奇美綠能園區二期,英屬開曼群島商睿能新動力股份有限公司台灣分公司,太陽能,轉供,192
2024,陽光伏特家電力股份有限公司,奇美綠能園區二期,高雄塑酯化學工業股份有限公司,太陽能,轉供,540
2024,陽光伏特家電力股份有限公司,太陽餅35號,台灣大哥大股份有限公司,太陽能,轉供,114
2024,陽光伏特家電力股份有限公司,天龍1號,台灣大哥大股份有限公司,太陽能,轉供,8
2024,陽光伏特家電力股份有限公司,港都15號,中友聯合會計師事務所,太陽能,轉供,10
2024,陽光伏特家電力股份有限公司,港都15號,中孚科技股份有限公司,太陽能,轉供,3
2024,陽光伏特家電力股份有限公司,港都15號,京麗國際股份有限公司,太陽能,轉供,3
2024,陽光伏特家電力股份有限公司,港都15號,捷順企業股份有限公司,太陽能,轉供,10
2024,陽光伏特家電力股份有限公司,港都15號,柏彤實業有限公司,太陽能,轉供,1
2024,陽光伏特家電力股份有限公司,港都15號,永豐金證券股份有限公司,太陽能,轉供,1
2024,陽光伏特家電力股份有限公司,港都15號,社團法人中華民國荒野保護協會,太陽能,轉供,2
2024,陽光伏特家電力股份有限公司,港都15號,綠藤生物科技股份有限公司,太陽能,轉供,3
2024,陽光伏特家電力股份有限公司,港都15號,群樺科技股份有限公司,太陽能,轉供,2
2024,陽光伏特家電力股份有限公司,港都15號,財團法人綠色和平基金會,太陽能,轉供,5
2024,陽光伏特家電力股份有限公司,阿里13號,元裕實業有限公司,太陽能,轉供,5
2024,陽光伏特家電力股份有限公司,阿里13號,友信行股份有限公司,太陽能,轉供,4
2024,陽光伏特家電力股份有限公司,阿里13號,台灣大哥大股份有限公司,太陽能,轉供,60
2024,陽光伏特家電力股份有限公司,阿里13號,慧景科技股份有限公司,太陽能,轉供,1
2024,陽光伏特家電力股份有限公司,阿里13號,高柏科技股份有限公司,太陽能,轉供,3
2024,陽光伏特家電力股份有限公司,恆陸第一期太陽光電發電廠,高雄塑酯化學工業股份有限公司,太陽能,轉供,60
2024,陽光伏特家電力股份有限公司,新光桃園1、2、3廠,元太科技工業股份有限公司,太陽能,轉供,403
2024,陽光伏特家電力股份有限公司,新光台南1、2、8廠,昇佳電子股份有限公司,太陽能,轉供,3
2024,陽光伏特家電力股份有限公司,新光台南3、4、5、6廠,攸泰科技股份有限公司,太陽能,轉供,24
2024,陽光伏特家電力股份有限公司,新光台南3、4、5、6廠,泉福印染股份有限公司,太陽能,轉供,86
2024,陽光伏特家電力股份有限公司,新光台南3、4、5、6廠,祥群興業有限公司,太陽能,轉供,11
2024,陽光伏特家電力股份有限公司,新光台南3、4、5、6廠,第一商業銀行股份有限公司,太陽能,轉供,214
2024,陽光伏特家電力股份有限公司,新光台南3、4、5、6廠,雲豹能源科技股份有限公司,太陽能,轉供,13
2024,陽光伏特家電力股份有限公司,新光台南3、4、5、6廠,高雄塑酯化學工業股份有限公司,太陽能,轉供,29
2024,陽光伏特家電力股份有限公司,新光台南7廠,昇佳電子股份有限公司,太陽能,轉供,2
2024,陽光伏特家電力股份有限公司,新光雲林1、9廠,攸泰科技股份有限公司,太陽能,轉供,8
2024,陽光伏特家電力股份有限公司,新光雲林1、9廠,泉福印染股份有限公司,太陽能,轉供,29
2024,陽光伏特家電力股份有限公司,新光雲林1、9廠,祥群興業有限公司,太陽能,轉供,3
2024,陽光伏特家電力股份有限公司,新光雲林1、9廠,第一商業銀行股份有限公司,太陽能,轉供,66
2024,陽光伏特家電力股份有限公司,新光雲林1、9廠,雲豹能源科技股份有限公司,太陽能,轉供,4
2024,陽光伏特家電力股份有限公司,新光雲林1、9廠,高雄塑酯化學工業股份有限公司,太陽能,轉供,9
2024,陽光伏特家電力股份有限公司,新光雲林2廠,攸泰科技股份有限公司,太陽能,轉供,3
2024,陽光伏特家電力股份有限公司,新光雲林2廠,泉福印染股份有限公司,太陽能,轉供,10
2024,陽光伏特家電力股份有限公司,新光雲林2廠,祥群興業有限公司,太陽能,轉供,1
2024,陽光伏特家電力股份有限公司,新光雲林2廠,第一商業銀行股份有限公司,太陽能,轉供,21
2024,陽光伏特家電力股份有限公司,新光雲林2廠,雲豹能源科技股份有限公司,太陽能,轉供,1
2024,陽光伏特家電力股份有限公司,新光雲林2廠,高雄塑酯化學工業股份有限公司,太陽能,轉供,4
2024,陽光伏特家電力股份有限公司,新光雲林3、4廠,攸泰科技股份有限公司,太陽能,轉供,9
2024,陽光伏特家電力股份有限公司,新光雲林3、4廠,泉福印染股份有限公司,太陽能,轉供,33
2024,陽光伏特家電力股份有限公司,新光雲林3、4廠,祥群興業有限公司,太陽能,轉供,4
2024,陽光伏特家電力股份有限公司,新光雲林3、4廠,第一商業銀行股份有限公司,太陽能,轉供,75
2024,陽光伏特家電力股份有限公司,新光雲林3、4廠,雲豹能源科技股份有限公司,太陽能,轉供,4
2024,陽光伏特家電力股份有限公司,新光雲林3、4廠,高雄塑酯化學工業股份有限公司,太陽能,轉供,11
2024,陽光伏特家電力股份有限公司,新光雲林5廠,攸泰科技股份有限公司,太陽能,轉供,7
2024,陽光伏特家電力股份有限公司,新光雲林5廠,泉福印染股份有限公司,太陽能,轉供,26
2024,陽光伏特家電力股份有限公司,新光雲林5廠,祥群興業有限公司,太陽能,轉供,3
2024,陽光伏特家電力股份有限公司,新光雲林5廠,第一商業銀行股份有限公司,太陽能,轉供,55
2024,陽光伏特家電力股份有限公司,新光雲林5廠,雲豹能源科技股份有限公司,太陽能,轉供,4
2024,陽光伏特家電力股份有限公司,新光雲林5廠,高雄塑酯化學工業股份有限公司,太陽能,轉供,8
2024,陽光伏特家電力股份有限公司,新光雲林8廠,攸泰科技股份有限公司,太陽能,轉供,3
2024,陽光伏特家電力股份有限公司,新光雲林8廠,泉福印染股份有限公司,太陽能,轉供,13
2024,陽光伏特家電力股份有限公司,新光雲林8廠,祥群興業有限公司,太陽能,轉供,1
2024,陽光伏特家電力股份有限公司,新光雲林8廠,第一商業銀行股份有限公司,太陽能,轉供,25
2024,陽光伏特家電力股份有限公司,新光雲林8廠,雲豹能源科技股份有限公司,太陽能,轉供,2
2024,陽光伏特家電力股份有限公司,新光雲林8廠,高雄塑酯化學工業股份有限公司,太陽能,轉供,4
2024,陽光伏特家電力股份有限公司,睿聯彰化1廠,利奇機械工業股份有限公司,太陽能,轉供,45
2024,陽光伏特家電力股份有限公司,睿聯雲林1、2廠,利奇機械工業股份有限公司,太陽能,轉供,75
2024,陽光伏特家電力股份有限公司,睿聯雲林1、2廠,明台產物保險股份有限公司,太陽能,轉供,3
2024,陽光伏特家電力股份有限公司,睿聯高雄1、2廠,利奇機械工業股份有限公司,太陽能,轉供,60
2024,陽光伏特家電力股份有限公司,睿聯高雄1、2廠,明台產物保險股份有限公司,太陽能,轉供,3
2024,陽光伏特家電力股份有限公司,睿聯台中1廠,利奇機械工業股份有限公司,太陽能,轉供,23
2024,鹿威風力發電股份有限公司,鹿威-彰濱風場,台灣積體電路製造股份有限公司,風力能,轉供,31192
2024,鹿威風力發電股份有限公司,鹿威-鹿港風場,台灣積體電路製造股份有限公司,風力能,轉供,14501
2024,鹿威風力發電股份有限公司,鹿港風場二期,台灣積體電路製造股份有限公司,風力能,轉供,3592
2024,龍威風力發電股份有限公司,龍威風場一,台灣積體電路製造股份有限公司,風力能,轉供,14800
2024,龍威風力發電股份有限公司,龍威風場二,台灣積體電路製造股份有限公司,風力能,轉供,2237
2024,龍威風力發電股份有限公司,龍威風場三,台灣積體電路製造股份有限公司,風力能,轉供,1164
2023,中威風力發電股份有限公司,台中風場,台灣積體電路製造股份有限公司,風力能,轉供,164327
2023,中租電力科技股份有限公司,帝寶工業新營廠房屋頂太陽光電發電廠,中租迪和股份有限公司,太陽能,轉供,684
2023,中鋼光能股份有限公司,中鋼成品倉庫07庫&amp;條線工場08庫,中國鋼鐵股份有限公司,太陽能,併網型直供,2180
2023,中鋼光能股份有限公司,中鋼鋼板工場#02#03庫,中國鋼鐵股份有限公司,太陽能,併網型直供,1560
2023,中鋼光能股份有限公司,中鋼#09~#11條鋼工廠,中國鋼鐵股份有限公司,太陽能,併網型直供,1168
2023,中鋼光能股份有限公司,中鋼小鋼胚儲區,中國鋼鐵股份有限公司,太陽能,併網型直供,549
2023,中鋼光能股份有限公司,中鋼第三酸冷軋線、第三冷軋軋輥場,中國鋼鐵股份有限公司,太陽能,併網型直供,812
2023,中鋼光能股份有限公司,中鋼第二熱浸鍍鋅線,中國鋼鐵股份有限公司,太陽能,併網型直供,282
2023,中鋼光能股份有限公司,中鋼機械修理廠,中國鋼鐵股份有限公司,太陽能,併網型直供,219
2023,中鋼光能股份有限公司,中鋼成品倉庫#25庫,中國鋼鐵股份有限公司,太陽能,併網型直供,816
2023,中鋼光能股份有限公司,中鋼#17成品倉庫,中國鋼鐵股份有限公司,太陽能,併網型直供,548
2023,中鋼光能股份有限公司,中鋼#20成品倉庫,中國鋼鐵股份有限公司,太陽能,併網型直供,793
2023,中鋼光能股份有限公司,中鋼輕型軋輥課,中國鋼鐵股份有限公司,太陽能,併網型直供,122
2023,中鋼光能股份有限公司,中鋼第二線材水場脫水機房,中國鋼鐵股份有限公司,太陽能,併網型直供,90
2023,中鋼光能股份有限公司,中鋼第二連續退火線&amp;#40庫,中國鋼鐵股份有限公司,太陽能,併網型直供,536
2023,中鋼光能股份有限公司,中鋼W3扁鋼胚鑄造精整儲區,中國鋼鐵股份有限公司,太陽能,併網型直供,604
2023,中鋼光能股份有限公司,中鋼第二熱軋,中國鋼鐵股份有限公司,太陽能,併網型直供,3227
2023,中鋼光能股份有限公司,中鋼#34~37庫&amp;冷軋調質工廠,中國鋼鐵股份有限公司,太陽能,併網型直供,3512
2023,中鋼光能股份有限公司,中鋼第一連續退火線&amp;連續塗覆工廠,中國鋼鐵股份有限公司,太陽能,併網型直供,364
2023,中鋼光能股份有限公司,中鋼成品倉庫#39庫&amp;第一熱浸鍍鋅線,中國鋼鐵股份有限公司,太陽能,併網型直供,543
2023,中鋼光能股份有限公司,中鋼第一酸洗冷軋線&amp;冷軋軋輥二股,中國鋼鐵股份有限公司,太陽能,併網型直供,345
2023,中鋼光能股份有限公司,中鋼封盒退火場,中國鋼鐵股份有限公司,太陽能,併網型直供,279
2023,中鋼光能股份有限公司,中鋼南站80000T原水池&amp;VC-1F03原水池,中國鋼鐵股份有限公司,太陽能,併網型直供,247
2023,中鋼光能股份有限公司,中鋼第一熱軋精整,中國鋼鐵股份有限公司,太陽能,併網型直供,499
2023,中鋼光能股份有限公司,中鋼第一熱軋成品倉庫,中國鋼鐵股份有限公司,太陽能,併網型直供,2740
2023,中鋼光能股份有限公司,中鋼第一熱軋扁鋼胚精整設備&amp;扁鋼胚精整工場,中國鋼鐵股份有限公司,太陽能,併網型直供,315
2023,中鋼光能股份有限公司,中鋼第一熱軋軋輥&amp;熱軋鋼帶室外冷卻堆置場,中國鋼鐵股份有限公司,太陽能,併網型直供,380
2023,中鋼光能股份有限公司,中鋼第一熱軋軋輥&amp;熱軋鋼帶室外冷卻堆置場-增量,中國鋼鐵股份有限公司,太陽能,併網型直供,220
2023,中鋼光能股份有限公司,中鋁軋鋁廠,中鋼鋁業股份有限公司,太陽能,併網型直供,2464
2023,中鋼光能股份有限公司,中聯資室內化儲區,中聯資源股份有限公司,太陽能,轉供,329
2023,中鋼光能股份有限公司,中聯資著磁料場,中聯資源股份有限公司,太陽能,轉供,92
2023,中鋼光能股份有限公司,中龍動力場,中龍鋼鐵股份有限公司,太陽能,併網型直供,256
2023,中鋼光能股份有限公司,中龍氧氣廠,中龍鋼鐵股份有限公司,太陽能,併網型直供,299
2023,中鋼光能股份有限公司,中龍細石料RC屋頂,中龍鋼鐵股份有限公司,太陽能,併網型直供,403
2023,中鋼光能股份有限公司,中龍扁鋼胚儲區,中龍鋼鐵股份有限公司,太陽能,併網型直供,813
2023,中鋼光能股份有限公司,中龍除礦水電氣室,中龍鋼鐵股份有限公司,太陽能,併網型直供,140
2023,中鋼光能股份有限公司,中鋼成品倉庫88庫,中國鋼鐵股份有限公司,太陽能,轉供,30
2023,中鋼光能股份有限公司,中鋼成品倉庫88庫,中聯資源股份有限公司,太陽能,轉供,692
2023,中鋼光能股份有限公司,中鋼成品倉庫88庫,中鋼碳素化學股份有限公司,太陽能,轉供,54
2023,中鋼光能股份有限公司,中鴻鹿港廠,中聯資源股份有限公司,太陽能,轉供,76
2023,中鋼光能股份有限公司,中鴻鹿港廠,中鴻鋼鐵股份有限公司,太陽能,轉供,3986
2023,中鋼光能股份有限公司,中鋼永光儲區,中龍鋼鐵股份有限公司,太陽能,轉供,1309
2023,中鋼光能股份有限公司,中鴻酸鍍廠,中鴻鋼鐵股份有限公司,太陽能,轉供,889
2023,中鋼光能股份有限公司,中龍中心倉庫,中聯資源股份有限公司,太陽能,轉供,502
2023,中鋼光能股份有限公司,中龍中心倉庫,中龍鋼鐵股份有限公司,太陽能,轉供,269
2023,中鋼光能股份有限公司,中龍扁鋼胚連鑄維護廠房,中龍鋼鐵股份有限公司,太陽能,併網型直供,193
2023,中鋼光能股份有限公司,中龍第一原水池,中龍鋼鐵股份有限公司,太陽能,併網型直供,546
2023,中鋼光能股份有限公司,中龍熱軋主電氣室,中龍鋼鐵股份有限公司,太陽能,併網型直供,149
2023,中鋼光能股份有限公司,中龍煉鐵大樓,中龍鋼鐵股份有限公司,太陽能,併網型直供,98
2023,中鋼光能股份有限公司,中龍室內備品儲區及耐火材料倉庫,中龍鋼鐵股份有限公司,太陽能,併網型直供,528
2023,中鋼光能股份有限公司,中龍窄板改切工場及中龍集塵灰倉庫,中龍鋼鐵股份有限公司,太陽能,併網型直供,1446
2023,中鋼光能股份有限公司,中碳屏南試驗工廠,中鋼碳素化學股份有限公司,太陽能,併網型直供,180
2023,中鋼光能股份有限公司,中碳屏南生產工廠,中鋼碳素化學股份有限公司,太陽能,併網型直供,240
2023,中鋼光能股份有限公司,中聯資中港廠RC屋頂,中聯資源股份有限公司,太陽能,轉供,18
2023,中鋼光能股份有限公司,中聯資南堤廠,中聯資源股份有限公司,太陽能,轉供,167
2023,中鋼光能股份有限公司,中聯資中港廠,中聯資源股份有限公司,太陽能,轉供,116
2023,中鋼光能股份有限公司,興達海基,中龍鋼鐵股份有限公司,太陽能,轉供,722
2023,中鋼光能股份有限公司,興達海基電氣倉庫,中龍鋼鐵股份有限公司,太陽能,轉供,43
2023,亞福儲能股份有限公司,嘉義溪墘滯洪池,雷尼紹股份有限公司,太陽能,轉供,15
2023,亞福儲能股份有限公司,嘉義溪墘滯洪池,高雄興亞股份有限公司,太陽能,轉供,11
2023,全利成電力股份有限公司,全利成2號電廠,李長榮化學工業股份有限公司(大社廠),太陽能,轉供,790
2023,全利成電力股份有限公司,全利成2號電廠,李長榮化學工業股份有限公司(高雄廠),太陽能,轉供,825
2023,全利成電力股份有限公司,全利成2號電廠,李長榮科技股份有限公司,太陽能,轉供,825
2023,全利成電力股份有限公司,全利成3號電廠,李長榮化學工業股份有限公司(大社廠),太陽能,轉供,459
2023,全利成電力股份有限公司,全利成3號電廠,李長榮化學工業股份有限公司(高雄廠),太陽能,轉供,413
2023,全利成電力股份有限公司,全利成3號電廠,李長榮科技股份有限公司,太陽能,轉供,453
2023,凌威風力發電股份有限公司,林口風場,台灣積體電路製造股份有限公司,風力能,轉供,10695
2023,創維風力發電股份有限公司,創維風場,台灣積體電路製造股份有限公司,風力能,轉供,76650
2023,南方電力股份有限公司,鴻元高雄辦公室太陽光電發電廠,新加坡商全美世界控股有限公司台灣分公司,太陽能,轉供,8
2023,南方電力股份有限公司,鴻元高雄辦公室太陽光電發電廠,正信不動產股份有限公司,太陽能,轉供,1
2023,南方電力股份有限公司,鴻元高雄辦公室太陽光電發電廠,鴻元工程顧問股份有限公司,太陽能,轉供,3
2023,南方電力股份有限公司,嘉義縣東石鄉栗子崙段388地號太陽光電發電廠,亞福儲能股份有限公司,太陽能,轉供,30
2023,南方電力股份有限公司,嘉義縣東石鄉栗子崙段388地號太陽光電發電廠,京冠生物科技股份有限公司,太陽能,轉供,39
2023,南方電力股份有限公司,嘉義縣東石鄉栗子崙段388地號太陽光電發電廠,施羅德證券投資信託股份有限公司,太陽能,轉供,12
2023,南方電力股份有限公司,嘉義縣東石鄉栗子崙段388地號太陽光電發電廠,永豐商業銀行股份有限公司,太陽能,轉供,99
2023,南方電力股份有限公司,嘉義縣東石鄉栗子崙段388地號太陽光電發電廠,王美桃,太陽能,轉供,15
2023,南方電力股份有限公司,嘉義縣東石鄉栗子崙段388地號太陽光電發電廠,綠藤生物科技股份有限公司,太陽能,轉供,7
2023,南方電力股份有限公司,嘉義縣東石鄉栗子崙段388地號太陽光電發電廠,胤源企業有限公司,太陽能,轉供,3
2023,南方電力股份有限公司,嘉義縣東石鄉栗子崙段388地號太陽光電發電廠,逸盛科技股份有限公司,太陽能,轉供,5
2023,南方電力股份有限公司,嘉義縣東石鄉栗子崙段388地號太陽光電發電廠,達勝科技股份有限公司,太陽能,轉供,6
2023,南方電力股份有限公司,嘉義縣東石鄉栗子崙段388地號太陽光電發電廠,隆宜實業有限公司,太陽能,轉供,57
2023,南方電力股份有限公司,嘉義縣東石鄉栗子崙段388地號太陽光電發電廠,龍邑工程顧問股份有限公司,太陽能,轉供,11
2023,南方電力股份有限公司,嘉義縣東石鄉栗子崙段388地號太陽光電發電廠2期,葡萄王生技股份有限公司,太陽能,轉供,608
2023,南方電力股份有限公司,十源388地號,永豐商業銀行股份有限公司,太陽能,轉供,252
2023,南方電力股份有限公司,台南市學甲區宅子港段165-123地號太陽光電發電廠,友訊科技股份有限公司,太陽能,轉供,4
2023,南方電力股份有限公司,台南市學甲區宅子港段165-123地號太陽光電發電廠,永豐商業銀行股份有限公司,太陽能,轉供,255
2023,南方電力股份有限公司,屏東鹽埔太陽光電發電廠,國泰人壽保險股份有限公司,太陽能,轉供,277
2023,南方電力股份有限公司,屏東鹽埔太陽光電發電廠,國泰證券投資信託股份有限公司,太陽能,轉供,135
2023,南方電力股份有限公司,屏東鹽埔太陽光電發電廠,永豐商業銀行股份有限公司,太陽能,轉供,691
2023,南方電力股份有限公司,屏東鹽埔太陽光電發電廠,淨毒五郎有限公司,太陽能,轉供,9
2023,南方電力股份有限公司,嘉義縣東石鄉栗子崙段128-12地號太陽光電發電廠,永豐商業銀行股份有限公司,太陽能,轉供,96
2023,博曜電力股份有限公司,心忠學甲第一型太陽光電發電廠,乾坤科技股份有限公司,太陽能,轉供,4589
2023,博曜電力股份有限公司,心忠學甲第一型太陽光電發電廠,台達電子工業股份有限公司,太陽能,轉供,13497
2023,博曜電力股份有限公司,心忠學甲第一型太陽光電發電廠,晶睿通訊股份有限公司,太陽能,轉供,580
2023,博曜電力股份有限公司,心忠學甲第一型太陽光電發電廠,群創光電股份有限公司樹谷分公司,太陽能,轉供,6620
2023,博曜電力股份有限公司,心忠學甲第一型太陽光電發電廠,遊戲橘子數位科技股份有限公司,太陽能,轉供,741
2023,台康日能科技股份有限公司,嘉義公館滯洪池,玉山商業銀行股份有限公司,太陽能,轉供,584
2023,台康日能科技股份有限公司,嘉義公館滯洪池,緯穎科技服務股份有限公司,太陽能,轉供,682
2023,台康日能科技股份有限公司,高雄典寶溪滯洪池,台北世界貿易中心國際貿易大樓(股)公司,太陽能,轉供,161
2023,台康日能科技股份有限公司,高雄典寶溪滯洪池,科德寶遠東股份有限公司,太陽能,轉供,1976
2023,台康日能科技股份有限公司,高雄典寶溪滯洪池,資誠聯合會計師事務所,太陽能,轉供,20
2023,台康日能科技股份有限公司,嘉義溪墘滯洪池,第一商業銀行股份有限公司,太陽能,轉供,1649
2023,台康日能科技股份有限公司,嘉義溪墘滯洪池,第一商業銀行股份有限公司,太陽能,轉供,877
2023,台康日能科技股份有限公司,嘉義溪墘滯洪池,緯創資通股份有限公司,太陽能,轉供,8224
2023,台汽電綠能股份有限公司,竹南風力發電廠,台灣積體電路製造股份有限公司,風力能,轉供,14391
2023,台汽電綠能股份有限公司,大鵬風力發電廠,台灣積體電路製造股份有限公司,風力能,轉供,79393
2023,台汽電綠能股份有限公司,鑫光電能有限公司,台北富邦商業銀行股份有限公司,太陽能,轉供,591
2023,台汽電綠能股份有限公司,鑫光電能有限公司,台灣固網股份有限公司,太陽能,轉供,4396
2023,台汽電綠能股份有限公司,鑫光電能有限公司,財團法人中華民國證券櫃檯買賣中心,太陽能,轉供,360
2023,台汽電綠能股份有限公司,鑫光電能有限公司,財團法人台灣綜合研究院,太陽能,轉供,34
2023,台汽電綠能股份有限公司,星寶風力發電廠,乾坤科技股份有限公司,風力能,轉供,162
2023,台汽電綠能股份有限公司,星寶風力發電廠,台灣固網股份有限公司,風力能,轉供,6690
2023,台汽電綠能股份有限公司,星寶風力發電廠,台灣大哥大股份有限公司,風力能,轉供,2011
2023,台汽電綠能股份有限公司,星寶風力發電廠,台達電子工業股份有限公司,風力能,轉供,10668
2023,台汽電綠能股份有限公司,星寶風力發電廠,晶睿通訊股份有限公司,風力能,轉供,223
2023,台汽電綠能股份有限公司,烏山頭水力發電廠,華美光學科技股份有限公司,水力能,轉供,416
2023,台汽電綠能股份有限公司,烏山頭水力發電廠,采鈺科技股份有限公司,水力能,轉供,5617
2023,台汽電綠能股份有限公司,力麗企業廠房屋頂太陽光電發電廠,台灣優衣庫有限公司,太陽能,轉供,2365
2023,台汽電綠能股份有限公司,烏山頭水庫水面型太陽光電發電系統,協勝發鋼鐵廠股份有限公司,太陽能,轉供,1306
2023,台汽電綠能股份有限公司,烏山頭水庫水面型太陽光電發電系統,台北富邦商業銀行股份有限公司,太陽能,轉供,1213
2023,台汽電綠能股份有限公司,烏山頭水庫水面型太陽光電發電系統,大統益股份有限公司,太陽能,轉供,850
2023,台汽電綠能股份有限公司,烏山頭水庫水面型太陽光電發電系統,瑞健股份有限公司,太陽能,轉供,2739
2023,台汽電綠能股份有限公司,華晶12,炎洲股份有限公司薄膜廠,太陽能,轉供,410
2023,台灣碳資產電業股份有限公司,存量能源-台中靖鎰電廠,華南商業銀行股份有限公司,太陽能,轉供,177
2023,台灣碳資產電業股份有限公司,存量能源-台中壯佳果電廠,華南商業銀行股份有限公司,太陽能,轉供,613
2023,台灣艾貴太陽能源股份有限公司,台灣艾貴義竹發電廠,台灣積體電路製造股份有限公司,太陽能,轉供,97310
2023,台灣速力綠能股份有限公司,速力綠能芳苑發電廠第二機組,世界先進積體電路股份有限公司,太陽能,轉供,3990
2023,台灣速力綠能股份有限公司,速力綠能芳苑發電廠第一機組,世界先進積體電路股份有限公司,太陽能,轉供,5300
2023,名竣綠能股份有限公司,台南市柳營區義士路一段373號發電廠,名竣能源科技股份有限公司,太陽能,轉供,11
2023,嘉南實業股份有限公司,西口水力發電廠,台灣積體電路製造股份有限公司,水力能,轉供,10395
2023,城市發展電業股份有限公司,屏東林邊鎮安太陽光電發電廠-第一期,富邦產物保險股份有限公司,太陽能,轉供,253
2023,城市發展電業股份有限公司,屏東林邊鎮安太陽光電發電廠-第一期,寶晶能源股份有限公司,太陽能,轉供,5
2023,城市發展電業股份有限公司,屏東林邊鎮安太陽光電發電廠-第一期,崇越電通股份有限公司,太陽能,轉供,32
2023,大同智能股份有限公司,臺北大眾捷運股份有限公司-蘆洲機廠屋頂型太陽光電系統,兆豐票券金融股份有限公司,太陽能,轉供,151
2023,大同智能股份有限公司,臺北大眾捷運股份有限公司-蘆洲機廠屋頂型太陽光電系統,兆豐證券股份有限公司,太陽能,轉供,151
2023,大同智能股份有限公司,臺北大眾捷運股份有限公司-蘆洲機廠屋頂型太陽光電系統,兆豐金融控股股份有限公司,太陽能,轉供,69
2023,大同智能股份有限公司,臺北大眾捷運股份有限公司-蘆洲機廠屋頂型太陽光電系統,合作金庫商業銀行,太陽能,轉供,925
2023,大同智能股份有限公司,臺北大眾捷運股份有限公司-土城機廠屋頂型太陽光電系統,兆豐國際商業銀行股份有限公司,太陽能,轉供,542
2023,大同智能股份有限公司,臺北大眾捷運股份有限公司-土城機廠屋頂型太陽光電系統,兆豐證券股份有限公司,太陽能,轉供,175
2023,大同智能股份有限公司,臺北大眾捷運股份有限公司-土城機廠屋頂型太陽光電系統,台灣茂矽電子股份有限公司,太陽能,轉供,1233
2023,大同智能股份有限公司,彰化縣汙染農地太陽光電系統-鹿昇段748-1、749地號,兆豐國際商業銀行股份有限公司,太陽能,轉供,39
2023,大同智能股份有限公司,彰化縣汙染農地太陽光電系統-振興段2209、2210地號,兆豐國際商業銀行股份有限公司,太陽能,轉供,36
2023,大同智能股份有限公司,彰化縣汙染農地太陽光電系統-鹿崙段554地號,兆豐國際商業銀行股份有限公司,太陽能,轉供,28
2023,大同智能股份有限公司,臺北大眾捷運股份有限公司-新莊機廠屋頂型太陽光電系統,兆豐證券股份有限公司,太陽能,轉供,150
2023,大自然能源電業股份有限公司,佳冬第一期太陽光電發電廠,聯詠科技股份有限公司,太陽能,轉供,1618
2023,天機電力股份有限公司,天機電力股份有限公司,國泰世華商業銀行股份有限公司,太陽能,轉供,2341
2023,天機電力股份有限公司,天機電力股份有限公司,國泰人壽保險股份有限公司,太陽能,轉供,1552
2023,天機電力股份有限公司,天機電力股份有限公司,國泰金融控股股份有限公司,太陽能,轉供,52
2023,天權智慧能源股份有限公司,天權智慧能源股份有限公司,中華開發資本管理顧問股份有限公司,太陽能,轉供,2
2023,天權智慧能源股份有限公司,天權智慧能源股份有限公司,中華開發資本股份有限公司,太陽能,轉供,11
2023,天權智慧能源股份有限公司,天權智慧能源股份有限公司,中華開發資產管理股份有限公司,太陽能,轉供,1
2023,天權智慧能源股份有限公司,天權智慧能源股份有限公司,中華開發金融控股股份有限公司,太陽能,轉供,11
2023,天權智慧能源股份有限公司,天權智慧能源股份有限公司,中華電信股份有限公司,太陽能,轉供,10956
2023,天權智慧能源股份有限公司,天權智慧能源股份有限公司,中華電信股份有限公司個人家庭分公司,太陽能,轉供,5874
2023,天權智慧能源股份有限公司,天權智慧能源股份有限公司,中華電信股份有限公司資訊技術分公司,太陽能,轉供,11611
2023,天權智慧能源股份有限公司,天權智慧能源股份有限公司,凱基人壽保險股份有限公司,太陽能,轉供,52
2023,天權智慧能源股份有限公司,天權智慧能源股份有限公司,凱基保險經紀人股份有限公司,太陽能,轉供,1
2023,天權智慧能源股份有限公司,天權智慧能源股份有限公司,凱基商業銀行股份有限公司,太陽能,轉供,34
2023,天權智慧能源股份有限公司,天權智慧能源股份有限公司,凱基證券投資信託股份有限公司,太陽能,轉供,10
2023,天權智慧能源股份有限公司,天權智慧能源股份有限公司,凱基證券投資顧問股份有限公司,太陽能,轉供,5
2023,天權智慧能源股份有限公司,天權智慧能源股份有限公司,凱基證券股份有限公司,太陽能,轉供,88
2023,天權智慧能源股份有限公司,天權智慧能源股份有限公司,國喬石油化學股份有限公司,太陽能,轉供,4
2023,天權智慧能源股份有限公司,天權智慧能源股份有限公司,景匯投資股份有限公司,太陽能,轉供,4
2023,天權智慧能源股份有限公司,天權智慧能源股份有限公司,開發國際投資股份有限公司,太陽能,轉供,1
2023,天能綠電股份有限公司,旭孝矽品精密工業,上海商業儲蓄銀行股份有限公司,太陽能,轉供,422
2023,天能綠電股份有限公司,旭孝矽品精密工業,玉山商業銀行股份有限公司,太陽能,轉供,3135
2023,天能綠電股份有限公司,臺中清水風能訓練中心屋頂型太陽能光電案,中強光電股份有限公司,太陽能,轉供,23
2023,天能綠電股份有限公司,臺中清水風能訓練中心屋頂型太陽能光電案,中強光電股份有限公司南科分公司第一廠,太陽能,轉供,28
2023,天能綠電股份有限公司,臺中清水風能訓練中心屋頂型太陽能光電案,旺宏電子股份有限公司,太陽能,轉供,30
2023,天能綠電股份有限公司,臺中清水風能訓練中心屋頂型太陽能光電案,頤德國際股份有限公司,太陽能,轉供,1
2023,天能綠電股份有限公司,台中八方夜市屋頂型太陽能光電廠,聖戈班先進材料股份有限公司,太陽能,轉供,104
2023,天能綠電股份有限公司,台中八方夜市屋頂型太陽能光電廠,英屬開曼群島商睿能新動力股份有限公司台灣分公司,太陽能,轉供,191
2023,天能綠電股份有限公司,台東大豐段掩埋場地面型太陽能光電案(低壓),三新奧特萊斯股份有限公司,太陽能,轉供,51
2023,天能綠電股份有限公司,台東大豐段掩埋場地面型太陽能光電案(低壓),台灣科思創股份有限公司,太陽能,轉供,16
2023,天能綠電股份有限公司,台東大豐段掩埋場地面型太陽能光電案(低壓),玉山商業銀行股份有限公司,太陽能,轉供,295
2023,天能綠電股份有限公司,台東大豐段掩埋場地面型太陽能光電案(低壓),睿能創意股份有限公司,太陽能,轉供,176
2023,天能綠電股份有限公司,台中靜宜大學屋頂型太陽能光電廠 第一期,上海商業儲蓄銀行股份有限公司,太陽能,轉供,117
2023,天能綠電股份有限公司,台中靜宜大學屋頂型太陽能光電廠 第一期,元太科技工業股份有限公司,太陽能,轉供,158
2023,天能綠電股份有限公司,台中靜宜大學屋頂型太陽能光電廠 第一期,金像電子股份有限公司,太陽能,轉供,223
2023,天能綠電股份有限公司,台中靜宜大學屋頂型太陽能光電廠 第二期,上海商業儲蓄銀行股份有限公司,太陽能,轉供,143
2023,天能綠電股份有限公司,台中靜宜大學屋頂型太陽能光電廠 第二期,元太科技工業股份有限公司,太陽能,轉供,189
2023,天能綠電股份有限公司,台中靜宜大學屋頂型太陽能光電廠 第二期,金像電子股份有限公司,太陽能,轉供,272
2023,天能綠電股份有限公司,台東大豐段掩埋場地面型太陽能光電案(高壓),三新奧特萊斯股份有限公司,太陽能,轉供,548
2023,天能綠電股份有限公司,台東大豐段掩埋場地面型太陽能光電案(高壓),中強光電股份有限公司,太陽能,轉供,4
2023,天能綠電股份有限公司,台東大豐段掩埋場地面型太陽能光電案(高壓),中強光電股份有限公司南科分公司第一廠,太陽能,轉供,5
2023,天能綠電股份有限公司,台東大豐段掩埋場地面型太陽能光電案(高壓),台灣科思創股份有限公司,太陽能,轉供,167
2023,天能綠電股份有限公司,台東大豐段掩埋場地面型太陽能光電案(高壓),玉山商業銀行股份有限公司,太陽能,轉供,2741
2023,天能綠電股份有限公司,台東大豐段掩埋場地面型太陽能光電案(高壓),睿能創意股份有限公司,太陽能,轉供,1629
2023,天能綠電股份有限公司,台東大豐段掩埋場地面型太陽能光電案(高壓),英屬開曼群島商睿能新動力股份有限公司台灣分公司,太陽能,轉供,25
2023,天能綠電股份有限公司,台南善化中強光電屋頂型太陽能光電案,中強光電股份有限公司,太陽能,轉供,50
2023,天能綠電股份有限公司,台南善化中強光電屋頂型太陽能光電案,中強光電股份有限公司南科分公司第一廠,太陽能,轉供,60
2023,天能綠電股份有限公司,台南善化中強光電屋頂型太陽能光電案,玉山商業銀行股份有限公司,太陽能,轉供,34
2023,天能綠電股份有限公司,台南善化中強光電屋頂型太陽能光電案,聖戈班先進材料股份有限公司,太陽能,轉供,185
2023,天能綠電股份有限公司,台南北門漁電共生_資策會,全智科技股份有限公司,太陽能,轉供,152
2023,天能綠電股份有限公司,台南北門漁電共生_資策會,金像電子股份有限公司,太陽能,轉供,19
2023,天能綠電股份有限公司,環台光電股份有限公司,金像電子股份有限公司,太陽能,轉供,1179
2023,天能綠電股份有限公司,台康萬興四放滯洪池,京站實業股份有限公司,太陽能,轉供,792
2023,天能綠電股份有限公司,台康萬興四放滯洪池,旺宏電子股份有限公司,太陽能,轉供,1559
2023,天能綠電股份有限公司,台康萬興四放滯洪池,金像電子股份有限公司,太陽能,轉供,604
2023,天能綠電股份有限公司,雲林廖春風豬舍屋頂型太陽能光電案,全智科技股份有限公司,太陽能,轉供,134
2023,天能綠電股份有限公司,雲林廖春風豬舍屋頂型太陽能光電案,金像電子股份有限公司,太陽能,轉供,17
2023,天能綠電股份有限公司,雲林吳棋文豬舍屋頂型太陽能光電案,全智科技股份有限公司,太陽能,轉供,110
2023,天能綠電股份有限公司,雲林吳棋文豬舍屋頂型太陽能光電案,金像電子股份有限公司,太陽能,轉供,13
2023,天能綠電股份有限公司,高雄三爺埤池999.6kWp水面型太陽光電案場,全智科技股份有限公司,太陽能,轉供,457
2023,天能綠電股份有限公司,高雄三爺埤池999.6kWp水面型太陽光電案場,金像電子股份有限公司,太陽能,轉供,104
2023,天能綠電股份有限公司,高雄下社埤池1600.2kWp水面型太陽光電案場,欣銓科技股份有限公司,太陽能,轉供,723
2023,天能綠電股份有限公司,先進複材屋頂型太陽光電案場,金像電子股份有限公司,太陽能,轉供,58
2023,天能綠電股份有限公司,雲林縣北港鎮金聯北港一期案場,旺宏電子股份有限公司,太陽能,轉供,53
2023,天能綠電股份有限公司,雲林縣北港鎮金聯北港一期案場,欣銓科技股份有限公司,太陽能,轉供,384
2023,天能綠電股份有限公司,雲林縣北港鎮金聯北港二期案場,旺宏電子股份有限公司,太陽能,轉供,37
2023,天能綠電股份有限公司,雲林縣北港鎮金聯北港二期案場,欣銓科技股份有限公司,太陽能,轉供,303
2023,天能綠電股份有限公司,台南市麻豆區金聯麻豆屋頂型太陽光電案場,臺灣集中保管結算所股份有限公司,太陽能,轉供,70
2023,天能綠電股份有限公司,呂永清地面型太陽光電案場,明基材料股份有限公司,太陽能,轉供,163
2023,天能綠電股份有限公司,林水明地面型太陽光電案場,明基材料股份有限公司,太陽能,轉供,234
2023,天能綠電股份有限公司,林淑毅地面型太陽光電案場,明基材料股份有限公司,太陽能,轉供,91
2023,天能綠電股份有限公司,蔡春成地面型太陽光電案場,明基材料股份有限公司,太陽能,轉供,261
2023,天能綠電股份有限公司,屏東環球購物中心屋頂型太陽能光電案場,臺灣集中保管結算所股份有限公司,太陽能,轉供,33
2023,天能綠電股份有限公司,彰化健馨養護中心屋頂型太陽光電案場,元太科技工業股份有限公司,太陽能,轉供,66
2023,天能綠電股份有限公司,彰化埔心鄉公所太平公墓地面型太陽能光電案場,睿能創意股份有限公司,太陽能,轉供,13
2023,天能綠電股份有限公司,台南易昇屋頂型太陽光電案場,旺宏電子股份有限公司,太陽能,轉供,189
2023,天能綠電股份有限公司,台南北門蚵寮漁電共生專案,全智科技股份有限公司,太陽能,轉供,587
2023,天能綠電股份有限公司,台南北門蚵寮漁電共生專案,欣銓科技股份有限公司,太陽能,轉供,1473
2023,天能綠電股份有限公司,台南北門蚵寮漁電共生專案,玉山商業銀行股份有限公司,太陽能,轉供,426
2023,天能綠電股份有限公司,台南北門蚵寮漁電共生專案,金像電子股份有限公司,太陽能,轉供,5410
2023,天能綠電股份有限公司,佳煌科技股份有限公司 (德岱網版印刷),明基材料股份有限公司,太陽能,轉供,62
2023,天能綠電股份有限公司,高雄小港(坪鳳)地面型太陽光電案廠,旺宏電子股份有限公司,太陽能,轉供,382
2023,天能綠電股份有限公司,高雄大寮地面型太陽光電案場,旺宏電子股份有限公司,太陽能,轉供,287
2023,天能綠電股份有限公司,雲林口湖地面型太陽光電案,旺宏電子股份有限公司,太陽能,轉供,162
2023,天能綠電股份有限公司,台南北門三寮灣漁電共生專案,欣銓科技股份有限公司,太陽能,轉供,100
2023,天能綠電股份有限公司,台南北門三寮灣漁電共生專案,金像電子股份有限公司,太陽能,轉供,20
2023,太陽神電力股份有限公司,銧昊股份有限公司,中華電信股份有限公司,太陽能,轉供,375
2023,太陽神電力股份有限公司,銧昊股份有限公司,中華電信股份有限公司個人家庭分公司,太陽能,轉供,206
2023,太陽神電力股份有限公司,銧昊股份有限公司,中華電信股份有限公司資訊技術分公司,太陽能,轉供,420
2023,太陽神電力股份有限公司,銧昊股份有限公司,彰化商業銀行股份有限公司,太陽能,轉供,210
2023,奇異果新能源股份有限公司,台南市菁寮掩埋場太陽光電發電廠,中投有線電視股份有限公司,太陽能,轉供,7
2023,奇異果新能源股份有限公司,台南市菁寮掩埋場太陽光電發電廠,宏匯新北股份有限公司,太陽能,轉供,230
2023,奇異果新能源股份有限公司,台南市菁寮掩埋場太陽光電發電廠,濾能股份有限公司,太陽能,轉供,19
2023,奇異果新能源股份有限公司,北捷北投機廠太陽光電發電廠,聯詠科技股份有限公司,太陽能,轉供,277
2023,安威風力發電股份有限公司,安威風場一,台灣積體電路製造股份有限公司,風力能,轉供,4280
2023,安威風力發電股份有限公司,安威風場二,台灣積體電路製造股份有限公司,風力能,轉供,5529
2023,安威風力發電股份有限公司,安威風場三,台灣積體電路製造股份有限公司,風力能,轉供,952
2023,安威風力發電股份有限公司,安威風場四,台灣積體電路製造股份有限公司,風力能,轉供,4468
2023,安威風力發電股份有限公司,安威風場五,台灣積體電路製造股份有限公司,風力能,轉供,5576
2023,富威電力股份有限公司,權聖太陽光電廠,久鼎金屬實業股份有限公司,太陽能,轉供,22
2023,富威電力股份有限公司,權聖太陽光電廠,伊雲谷數位科技股份有限公司,太陽能,轉供,11
2023,富威電力股份有限公司,權聖太陽光電廠,博仲法律事務所,太陽能,轉供,27
2023,富威電力股份有限公司,權聖太陽光電廠,台灣土地銀行股份有限公司,太陽能,轉供,7
2023,富威電力股份有限公司,權聖太陽光電廠,臺灣銀行股份有限公司,太陽能,轉供,4
2023,富威電力股份有限公司,權聖太陽光電廠,荷蘭商海尼根股份有限公司台灣分公司,太陽能,轉供,2
2023,富威電力股份有限公司,權聖太陽光電廠,訊連科技股份有限公司,太陽能,轉供,110
2023,富威電力股份有限公司,彰苑風力發電廠,中華電信股份有限公司資訊技術分公司,風力能,轉供,5083
2023,富威電力股份有限公司,彰苑風力發電廠,乾坤科技股份有限公司,風力能,轉供,625
2023,富威電力股份有限公司,彰苑風力發電廠,億暉實業股份有限公司,風力能,轉供,2
2023,富威電力股份有限公司,彰苑風力發電廠,元太科技工業股份有限公司,風力能,轉供,448
2023,富威電力股份有限公司,彰苑風力發電廠,南茂科技股份有限公司,風力能,轉供,6
2023,富威電力股份有限公司,彰苑風力發電廠,博仲法律事務所,風力能,轉供,20
2023,富威電力股份有限公司,彰苑風力發電廠,台灣固網股份有限公司,風力能,轉供,1506
2023,富威電力股份有限公司,彰苑風力發電廠,台灣大哥大股份有限公司,風力能,轉供,2738
2023,富威電力股份有限公司,彰苑風力發電廠,台灣日鑛金屬股份有限公司,風力能,轉供,814
2023,富威電力股份有限公司,彰苑風力發電廠,台灣歐舒丹股份有限公司,風力能,轉供,5
2023,富威電力股份有限公司,彰苑風力發電廠,台灣福雷電子股份有限公司,風力能,轉供,285
2023,富威電力股份有限公司,彰苑風力發電廠,台達電子工業股份有限公司,風力能,轉供,189
2023,富威電力股份有限公司,彰苑風力發電廠,彥豪金屬工業股份有限公司,風力能,轉供,118
2023,富威電力股份有限公司,彰苑風力發電廠,日月光半導體製造股份有限公司,風力能,轉供,4094
2023,富威電力股份有限公司,彰苑風力發電廠,日月光半導體製造股份有限公司中壢分公司,風力能,轉供,3026
2023,富威電力股份有限公司,彰苑風力發電廠,矽品精密⼯業股份有限公司中科分公司,風力能,轉供,500
2023,富威電力股份有限公司,彰苑風力發電廠,矽品精密⼯業股份有限公司新⽵分公司,風力能,轉供,113
2023,富威電力股份有限公司,彰苑風力發電廠,矽品精密工業股份有限公司,風力能,轉供,680
2023,富威電力股份有限公司,彰苑風力發電廠,第一商業銀行股份有限公司,風力能,轉供,1585
2023,富威電力股份有限公司,彰苑風力發電廠,緯穎科技服務股份有限公司,風力能,轉供,53
2023,富威電力股份有限公司,彰苑風力發電廠,群聯電子股份有限公司 竹南分公司,風力能,轉供,613
2023,富威電力股份有限公司,彰苑風力發電廠,荷蘭商海尼根股份有限公司台灣分公司,風力能,轉供,18
2023,富威電力股份有限公司,彰苑風力發電廠,采鈺科技股份有限公司,風力能,轉供,3484
2023,富威電力股份有限公司,彰苑風力發電廠,鴻海精密工業股份有限公司,風力能,轉供,787
2023,富威電力股份有限公司,北苑風力發電廠,中華電信股份有限公司資訊技術分公司,風力能,轉供,4059
2023,富威電力股份有限公司,北苑風力發電廠,乾坤科技股份有限公司,風力能,轉供,2785
2023,富威電力股份有限公司,北苑風力發電廠,元太科技工業股份有限公司,風力能,轉供,491
2023,富威電力股份有限公司,北苑風力發電廠,南亞科技股份有限公司,風力能,轉供,212
2023,富威電力股份有限公司,北苑風力發電廠,南茂科技股份有限公司,風力能,轉供,17
2023,富威電力股份有限公司,北苑風力發電廠,台灣固網股份有限公司,風力能,轉供,1692
2023,富威電力股份有限公司,北苑風力發電廠,台灣大哥大股份有限公司,風力能,轉供,3078
2023,富威電力股份有限公司,北苑風力發電廠,台灣日鑛金屬股份有限公司,風力能,轉供,1261
2023,富威電力股份有限公司,北苑風力發電廠,台灣歐舒丹股份有限公司,風力能,轉供,4
2023,富威電力股份有限公司,北苑風力發電廠,台灣福雷電子股份有限公司,風力能,轉供,329
2023,富威電力股份有限公司,北苑風力發電廠,台達電子工業股份有限公司,風力能,轉供,782
2023,富威電力股份有限公司,北苑風力發電廠,彥豪金屬工業股份有限公司,風力能,轉供,122
2023,富威電力股份有限公司,北苑風力發電廠,日月光半導體製造股份有限公司,風力能,轉供,5080
2023,富威電力股份有限公司,北苑風力發電廠,日月光半導體製造股份有限公司中壢分公司,風力能,轉供,3032
2023,富威電力股份有限公司,北苑風力發電廠,睿能創意營銷股份有限公司,風力能,轉供,78
2023,富威電力股份有限公司,北苑風力發電廠,睿能創意股份有限公司,風力能,轉供,457
2023,富威電力股份有限公司,北苑風力發電廠,矽品精密⼯業股份有限公司中科分公司,風力能,轉供,243
2023,富威電力股份有限公司,北苑風力發電廠,矽品精密⼯業股份有限公司新⽵分公司,風力能,轉供,55
2023,富威電力股份有限公司,北苑風力發電廠,矽品精密工業股份有限公司,風力能,轉供,327
2023,富威電力股份有限公司,北苑風力發電廠,緯穎科技服務股份有限公司,風力能,轉供,40
2023,富威電力股份有限公司,北苑風力發電廠,采鈺科技股份有限公司,風力能,轉供,4572
2023,富威電力股份有限公司,北苑風力發電廠,鴻海精密工業股份有限公司,風力能,轉供,724
2023,富威電力股份有限公司,星崴七股太陽光電發電廠,久鼎金屬實業股份有限公司,太陽能,轉供,974
2023,富威電力股份有限公司,星崴七股太陽光電發電廠,僑雄實業股份有限公司,太陽能,轉供,341
2023,富威電力股份有限公司,星崴七股太陽光電發電廠,南帝化學工業股份有限公司,太陽能,轉供,710
2023,富威電力股份有限公司,星崴七股太陽光電發電廠,台灣土地銀行股份有限公司,太陽能,轉供,120
2023,富威電力股份有限公司,星崴七股太陽光電發電廠,台灣微轉股份有限公司,太陽能,轉供,25
2023,富威電力股份有限公司,星崴七股太陽光電發電廠,台灣日鑛金屬股份有限公司,太陽能,轉供,3810
2023,富威電力股份有限公司,星崴七股太陽光電發電廠,台灣歐舒丹股份有限公司,太陽能,轉供,64
2023,富威電力股份有限公司,星崴七股太陽光電發電廠,台灣福雷電子股份有限公司,太陽能,轉供,368
2023,富威電力股份有限公司,星崴七股太陽光電發電廠,彥豪金屬工業股份有限公司,太陽能,轉供,799
2023,富威電力股份有限公司,星崴七股太陽光電發電廠,日月光半導體製造股份有限公司,太陽能,轉供,3033
2023,富威電力股份有限公司,星崴七股太陽光電發電廠,日月光半導體製造股份有限公司中壢分公司,太陽能,轉供,2010
2023,富威電力股份有限公司,星崴七股太陽光電發電廠,景碩科技股份有限公司,太陽能,轉供,1711
2023,富威電力股份有限公司,星崴七股太陽光電發電廠,瑞健股份有限公司,太陽能,轉供,3449
2023,富威電力股份有限公司,星崴七股太陽光電發電廠,矽品精密⼯業股份有限公司中科分公司,太陽能,轉供,4112
2023,富威電力股份有限公司,星崴七股太陽光電發電廠,矽品精密⼯業股份有限公司新⽵分公司,太陽能,轉供,862
2023,富威電力股份有限公司,星崴七股太陽光電發電廠,矽品精密工業股份有限公司,太陽能,轉供,4667
2023,富威電力股份有限公司,星崴七股太陽光電發電廠,精材科技股份有限公司,太陽能,轉供,1505
2023,富威電力股份有限公司,星崴七股太陽光電發電廠,緯創資通股份有限公司,太陽能,轉供,3372
2023,富威電力股份有限公司,星崴七股太陽光電發電廠,緯穎科技服務股份有限公司,太陽能,轉供,60
2023,富威電力股份有限公司,星崴七股太陽光電發電廠,荷蘭商海尼根股份有限公司台灣分公司,太陽能,轉供,24
2023,富威電力股份有限公司,星崴七股太陽光電發電廠,陽明海運股份有限公司,太陽能,轉供,43
2023,富威電力股份有限公司,星崴七股太陽光電發電廠,香奈兒有限公司,太陽能,轉供,211
2023,富威電力股份有限公司,星崴七股太陽光電發電廠,香港商盟倍力股份有限公司台灣分公司,太陽能,轉供,43
2023,富威電力股份有限公司,星崴七股太陽光電發電廠,香港商賀氏精密機械系統股份有限公司台灣分公司,太陽能,轉供,1
2023,富威電力股份有限公司,星崴七股太陽光電發電廠,鴻海精密工業股份有限公司,太陽能,轉供,2893
2023,富威電力股份有限公司,禾迅一號台南鹽水太陽光電發電系統工程,六哥股份有限公司,太陽能,轉供,196
2023,富威電力股份有限公司,禾迅一號台南鹽水太陽光電發電系統工程,好食在股份有限公司,太陽能,轉供,73
2023,富威電力股份有限公司,禾迅一號台南鹽水太陽光電發電系統工程,建興儲存科技股份有限公司新竹園區分公司,太陽能,轉供,700
2023,富威電力股份有限公司,禾迅一號台南鹽水太陽光電發電系統工程,德州儀器工業股份有限公司,太陽能,轉供,1148
2023,富威電力股份有限公司,禾迅一號台南鹽水太陽光電發電系統工程,斯派瑞莎克股份有限公司,太陽能,轉供,30
2023,富威電力股份有限公司,禾迅一號台南鹽水太陽光電發電系統工程,桂冠實業股份有限公司,太陽能,轉供,454
2023,富威電力股份有限公司,禾迅一號台南鹽水太陽光電發電系統工程,臺灣銀行股份有限公司,太陽能,轉供,1818
2023,崎威風力發電股份有限公司,竹南二期風力發電廠,台灣積體電路製造股份有限公司,風力能,轉供,9424
2023,康展電力股份有限公司,嘉義公館滯洪池,康舒科技股份有限公司,太陽能,轉供,250
2023,康展電力股份有限公司,嘉義公館滯洪池,美科實業股份有限公司,太陽能,轉供,76
2023,恩富資本太陽能股份有限公司,台南北門蚵寮漁電共生專案,特許投資顧問股份有限公司,太陽能,轉供,2220
2023,星星電力股份有限公司,臺南市北門區第一期太陽光電發電系統工程,中國信託商業銀行股份有限公司,太陽能,轉供,703
2023,星星電力股份有限公司,臺南市北門區第一期太陽光電發電系統工程,台灣固網股份有限公司,太陽能,轉供,4211
2023,星星電力股份有限公司,臺南市北門區第一期太陽光電發電系統工程,台灣大哥大股份有限公司,太陽能,轉供,3051
2023,星星電力股份有限公司,臺南市北門區第一期太陽光電發電系統工程,台灣資生堂股份有限公司,太陽能,轉供,1942
2023,星星電力股份有限公司,臺南市北門區第一期太陽光電發電系統工程,國泰世紀產物保險股份有限公司,太陽能,轉供,188
2023,星星電力股份有限公司,臺南市北門區第一期太陽光電發電系統工程,國泰人壽保險股份有限公司,太陽能,轉供,1177
2023,星星電力股份有限公司,臺南市北門區第一期太陽光電發電系統工程,國泰金融控股股份有限公司,太陽能,轉供,175
2023,星星電力股份有限公司,臺南市北門區第一期太陽光電發電系統工程,德商德意志銀行台北分行,太陽能,轉供,183
2023,星星電力股份有限公司,臺南市北門區第一期太陽光電發電系統工程,玉山商業銀行股份有限公司,太陽能,轉供,3716
2023,星星電力股份有限公司,臺南市北門區第一期太陽光電發電系統工程,臺灣湯淺電池股份有限公司,太陽能,轉供,940
2023,星星電力股份有限公司,台康萬興四放滯洪池,台灣固網股份有限公司,太陽能,轉供,303
2023,星星電力股份有限公司,台康萬興四放滯洪池,台灣大哥大股份有限公司,太陽能,轉供,900
2023,星星電力股份有限公司,台康萬興四放滯洪池,永豐商業銀行股份有限公司,太陽能,轉供,615
2023,映暉能源有限公司,映暉能源第一期太陽光電發電廠,南亞科技股份有限公司,太陽能,轉供,5306
2023,映暉能源有限公司,映暉能源第2-1期、第2-2期太陽光電發電廠,南亞科技股份有限公司,太陽能,轉供,3369
2023,映暉能源有限公司,映暉能源第3-1期太陽光電發電廠,南亞科技股份有限公司,太陽能,轉供,1895
2023,映暉能源有限公司,映暉能源第6-1期太陽光電發電廠,南亞科技股份有限公司,太陽能,轉供,1858
2023,映暉能源有限公司,映暉能源第7-1期太陽光電發電廠,南亞科技股份有限公司,太陽能,轉供,1501
2023,昱鼎能源科技開發股份有限公司,台南市菁寮掩埋場太陽光電發電廠,中鼎工程股份有限公司,太陽能,轉供,246
2023,昱鼎能源科技開發股份有限公司,台南市菁寮掩埋場太陽光電發電廠,宜鼎國際股份有限公司,太陽能,轉供,42
2023,昱鼎能源科技開發股份有限公司,台南市菁寮掩埋場太陽光電發電廠,耀鼎資源循環股份有限公司,太陽能,轉供,118
2023,昱鼎能源科技開發股份有限公司,台南市菁寮掩埋場太陽光電發電廠,財團法人中華經濟研究院,太陽能,轉供,8
2023,昱鼎能源科技開發股份有限公司,台中港公共倉儲太陽光電發電廠,中鼎工程股份有限公司,太陽能,轉供,527
2023,昱鼎能源科技開發股份有限公司,台中港旅客服務中心停車場太陽光電發電廠,中鼎工程股份有限公司,太陽能,轉供,628
2023,昱鼎能源科技開發股份有限公司,台中港旅客服務中心停車場太陽光電發電廠,台灣康寧顯示玻璃股份有限公司,太陽能,轉供,542
2023,昱鼎能源科技開發股份有限公司,高雄港二櫃63倉太陽光電發電廠,中鼎工程股份有限公司,太陽能,轉供,219
2023,昱鼎能源科技開發股份有限公司,高雄港二櫃66倉太陽光電發電廠,中鼎工程股份有限公司,太陽能,轉供,247
2023,昱鼎能源科技開發股份有限公司,高雄港三櫃68、69倉太陽光電發電廠,中鼎工程股份有限公司,太陽能,轉供,487
2023,昱鼎能源科技開發股份有限公司,嘉義布袋港(第三停車場)太陽光電發電廠,中鼎工程股份有限公司,太陽能,轉供,344
2023,昱鼎能源科技開發股份有限公司,嘉義布袋港(第三停車場)太陽光電發電廠,台灣康寧顯示玻璃股份有限公司,太陽能,轉供,226
2023,昱鼎能源科技開發股份有限公司,嘉義竹崎掩埋場太陽光電發電廠,台灣康寧顯示玻璃股份有限公司,太陽能,轉供,425
2023,昱鼎能源科技開發股份有限公司,嘉義竹崎掩埋場太陽光電發電廠,宜鼎國際股份有限公司,太陽能,轉供,421
2023,昱鼎電業股份有限公司,北捷北投機廠太陽光電發電廠,中鼎工程股份有限公司,太陽能,轉供,100
2023,昱鼎電業股份有限公司,臺南市新營掩埋場3&amp;4期太陽光電發電廠,台灣康寧顯示玻璃股份有限公司,太陽能,轉供,400
2023,昱鼎電業股份有限公司,臺南市新營掩埋場5期太陽光電發電廠,台灣康寧顯示玻璃股份有限公司,太陽能,轉供,4685
2023,昱鼎電業股份有限公司,台北自來水長興淨水廠太陽光電發電廠,台灣康寧顯示玻璃股份有限公司,太陽能,轉供,620
2023,曄恆能源股份有限公司,曄恆嘉義鹽地太陽光電廠,台灣積體電路製造股份有限公司,太陽能,轉供,15987
2023,東鋼風力發電股份有限公司,東鋼風力發電股份有限公司,東和鋼鐵企業股份有限公司,風力能,轉供,16661
2023,桃威風力發電股份有限公司,新屋風力發電廠,台灣積體電路製造股份有限公司,風力能,轉供,14694
2023,永能風力發電股份有限公司,竹南鎮龍鳳里及海口里風場,台灣積體電路製造股份有限公司,風力能,轉供,5012
2023,永能風力發電股份有限公司,竹南鎮海口北風場,台灣積體電路製造股份有限公司,風力能,轉供,4320
2023,泓德能源科技股份有限公司,星星電力-YL南波萬,台灣固網股份有限公司,太陽能,轉供,1484
2023,泓德能源科技股份有限公司,星星電力-TN柳營1號,太登太陽能股份有限公司,太陽能,轉供,37
2023,泓德能源科技股份有限公司,星星電力-TN柳營1號,永佳環球有限公司,太陽能,轉供,78
2023,泓德能源科技股份有限公司,星星電力-TN柳營1號,泓德能源科技股份有限公司,太陽能,轉供,115
2023,泓德能源科技股份有限公司,星星電力-TN柳營1號,玉山商業銀行股份有限公司,太陽能,轉供,153
2023,清風風力發電股份有限公司,清水風場,台灣積體電路製造股份有限公司,風力能,轉供,4087
2023,玉衡智慧能源股份有限公司,玉衡智慧能源股份有限公司,中華開發資本管理顧問股份有限公司,太陽能,轉供,2
2023,玉衡智慧能源股份有限公司,玉衡智慧能源股份有限公司,中華開發資本股份有限公司,太陽能,轉供,10
2023,玉衡智慧能源股份有限公司,玉衡智慧能源股份有限公司,中華開發資產管理股份有限公司,太陽能,轉供,1
2023,玉衡智慧能源股份有限公司,玉衡智慧能源股份有限公司,中華開發金融控股股份有限公司,太陽能,轉供,10
2023,玉衡智慧能源股份有限公司,玉衡智慧能源股份有限公司,中華電信股份有限公司,太陽能,轉供,10795
2023,玉衡智慧能源股份有限公司,玉衡智慧能源股份有限公司,中華電信股份有限公司個人家庭分公司,太陽能,轉供,5791
2023,玉衡智慧能源股份有限公司,玉衡智慧能源股份有限公司,中華電信股份有限公司資訊技術分公司,太陽能,轉供,11438
2023,玉衡智慧能源股份有限公司,玉衡智慧能源股份有限公司,凱基人壽保險股份有限公司,太陽能,轉供,50
2023,玉衡智慧能源股份有限公司,玉衡智慧能源股份有限公司,凱基保險經紀人股份有限公司,太陽能,轉供,1
2023,玉衡智慧能源股份有限公司,玉衡智慧能源股份有限公司,凱基商業銀行股份有限公司,太陽能,轉供,33
2023,玉衡智慧能源股份有限公司,玉衡智慧能源股份有限公司,凱基證券投資信託股份有限公司,太陽能,轉供,9
2023,玉衡智慧能源股份有限公司,玉衡智慧能源股份有限公司,凱基證券投資顧問股份有限公司,太陽能,轉供,5
2023,玉衡智慧能源股份有限公司,玉衡智慧能源股份有限公司,凱基證券股份有限公司,太陽能,轉供,85
2023,玉衡智慧能源股份有限公司,玉衡智慧能源股份有限公司,國喬石油化學股份有限公司,太陽能,轉供,3
2023,玉衡智慧能源股份有限公司,玉衡智慧能源股份有限公司,景匯投資股份有限公司,太陽能,轉供,4
2023,玉衡智慧能源股份有限公司,玉衡智慧能源股份有限公司,開發國際投資股份有限公司,太陽能,轉供,1
2023,瑤光智慧能源股份有限公司,瑤光智慧能源股份有限公司,力晶積成電子製造股份有限公司,太陽能,轉供,6562
2023,環台光電股份有限公司,環台光電股份有限公司,丁守科技股份有限公司,太陽能,轉供,92
2023,環台光電股份有限公司,環台光電股份有限公司,合晶科技股份有限公司,太陽能,轉供,531
2023,環台光電股份有限公司,環台光電股份有限公司,合晶科技股份有限公司園區分公司,太陽能,轉供,714
2023,環台光電股份有限公司,環台光電股份有限公司,墨達思精密工業股份有限公司,太陽能,轉供,152
2023,環台光電股份有限公司,環台光電股份有限公司,富鐿實業股份有限公司,太陽能,轉供,143
2023,環台光電股份有限公司,環台光電股份有限公司,鋐光實業股份有限公司,太陽能,轉供,1030
2023,瓦特先生股份有限公司,國源汽車二期,元太科技工業股份有限公司,太陽能,轉供,22
2023,瓦特先生股份有限公司,國源汽車二期,台灣萊雅股份有限公司,太陽能,轉供,9
2023,瓦特先生股份有限公司,台南一期,元太科技工業股份有限公司,太陽能,轉供,9
2023,瓦特先生股份有限公司,台南二期,大江生醫股份有限公司,太陽能,轉供,10
2023,瓦特先生股份有限公司,大甲野寶,元大商業銀行股份有限公司,太陽能,轉供,472
2023,瓦特先生股份有限公司,大甲野寶,元大期貨股份有限公司,太陽能,轉供,31
2023,瓦特先生股份有限公司,大甲野寶,元大證券股份有限公司,太陽能,轉供,139
2023,瓦特先生股份有限公司,大甲野寶,台灣萊雅股份有限公司,太陽能,轉供,70
2023,瓦特先生股份有限公司,大甲野寶,臺灣維固股份有限公司,太陽能,轉供,4
2023,瓦特先生股份有限公司,雲林一期,台灣萊雅股份有限公司,太陽能,轉供,105
2023,瓦特先生股份有限公司,屏東一期,張茂益,太陽能,轉供,2
2023,瓦特先生股份有限公司,屏東一期,陳坤宏,太陽能,轉供,1
2023,瓦特先生股份有限公司,屏東二期,陳坤宏,太陽能,轉供,4
2023,瓦特先生股份有限公司,彰化有鴻,元太科技工業股份有限公司,太陽能,轉供,114
2023,瓦特先生股份有限公司,彰化有鴻,台灣萊雅股份有限公司,太陽能,轉供,92
2023,瓦特先生股份有限公司,彰化有鴻,大江生醫股份有限公司,太陽能,轉供,319
2023,瓦特先生股份有限公司,岡山融嘉泰TW190993,信義房屋股份有限公司,太陽能,轉供,82
2023,瓦特先生股份有限公司,岡山融嘉泰TW190993,元大商業銀行股份有限公司,太陽能,轉供,46
2023,瓦特先生股份有限公司,岡山融嘉泰TW190993,元大期貨股份有限公司,太陽能,轉供,27
2023,瓦特先生股份有限公司,岡山融嘉泰TW190993,元大證券股份有限公司,太陽能,轉供,190
2023,瓦特先生股份有限公司,屏南京沅鎢業,信義房屋股份有限公司,太陽能,轉供,151
2023,瓦特先生股份有限公司,屏南京沅鎢業,元大人壽保險股份有限公司,太陽能,轉供,6
2023,瓦特先生股份有限公司,屏南京沅鎢業,元大商業銀行股份有限公司,太陽能,轉供,6
2023,瓦特先生股份有限公司,屏南京沅鎢業,元大證券股份有限公司,太陽能,轉供,9
2023,瓦特先生股份有限公司,屏南京沅鎢業,元太科技工業股份有限公司,太陽能,轉供,10
2023,瓦特先生股份有限公司,屏南京沅鎢業,台灣萊雅股份有限公司,太陽能,轉供,160
2023,瓦特先生股份有限公司,屏南京沅鎢業,若水數位評價股份有限公司,太陽能,轉供,1
2023,瓦特先生股份有限公司,屏南京沅鎢業,辛達實業股份有限公司,太陽能,轉供,164
2023,瓦特先生股份有限公司,一德金屬TW190995,元大商業銀行股份有限公司,太陽能,轉供,11
2023,瓦特先生股份有限公司,一德金屬TW190995,元大證券股份有限公司,太陽能,轉供,17
2023,瓦特先生股份有限公司,一德金屬TW190995,王道商業銀行股份有限公司,太陽能,轉供,64
2023,瓦特先生股份有限公司,新營大昶貿易TW190997,元大商業銀行股份有限公司,太陽能,轉供,31
2023,瓦特先生股份有限公司,新營大昶貿易TW190997,元大證券股份有限公司,太陽能,轉供,38
2023,瓦特先生股份有限公司,新營大昶貿易TW190997,元太科技工業股份有限公司,太陽能,轉供,11
2023,瓦特先生股份有限公司,台南女中TW190992,元大人壽保險股份有限公司,太陽能,轉供,161
2023,瓦特先生股份有限公司,台南女中TW190992,元大期貨股份有限公司,太陽能,轉供,6
2023,瓦特先生股份有限公司,台南女中TW190992,元大證券投資信託股份有限公司,太陽能,轉供,76
2023,瓦特先生股份有限公司,台南女中TW190992,元太科技工業股份有限公司,太陽能,轉供,113
2023,瓦特先生股份有限公司,台南女中TW190992,新加坡商克蘭詩股份有限公司台灣分公司,太陽能,轉供,2
2023,瓦特先生股份有限公司,高雄家樂實業TW190996,信義房屋股份有限公司,太陽能,轉供,3
2023,瓦特先生股份有限公司,高雄家樂實業TW190996,元太科技工業股份有限公司,太陽能,轉供,76
2023,瓦特先生股份有限公司,岡山日出畜牧場,元太科技工業股份有限公司,太陽能,轉供,286
2023,禾風風力發電股份有限公司,禾風風場一,台灣積體電路製造股份有限公司,風力能,轉供,5839
2023,立為風力發電股份有限公司,立為風場一,台灣積體電路製造股份有限公司,風力能,轉供,9938
2023,立為風力發電股份有限公司,立為風場二,台灣積體電路製造股份有限公司,風力能,轉供,25632
2023,立為風力發電股份有限公司,立為風場三,台灣積體電路製造股份有限公司,風力能,轉供,26890
2023,續興股份有限公司,恆伍第一期太陽光電發電廠,晶兆成科技,太陽能,轉供,1364
2023,續興股份有限公司,旭信電力宜蘭廠,力成科技股份有限公司,太陽能,轉供,1387
2023,續興股份有限公司,旭愛能源普威廠,力成科技股份有限公司,太陽能,轉供,839
2023,續興股份有限公司,旭愛能源宜蘭廠,力成科技股份有限公司,太陽能,轉供,890
2023,續興股份有限公司,旭愛能源宜蘭廠,晶兆成科技,太陽能,轉供,100
2023,續興股份有限公司,旭愛能源台特化廠,力成科技股份有限公司,太陽能,轉供,1055
2023,續興股份有限公司,旭愛有益廠,力成科技股份有限公司,太陽能,轉供,345
2023,能元超商股份有限公司,彰旺風力發電,乃興企業股份有限公司,風力能,轉供,4
2023,能元超商股份有限公司,彰旺風力發電,南運體育用品股份有限公司,風力能,轉供,2
2023,能元超商股份有限公司,彰旺風力發電,榮輪科技股份有限公司,風力能,轉供,36
2023,能元超商股份有限公司,彰旺風力發電,瀚宇彩晶股份有限公司,風力能,轉供,681
2023,能元超商股份有限公司,彰旺風力發電,福人化學股份有限公司,風力能,轉供,12
2023,能元超商股份有限公司,彰旺風力發電,競泰股份有限公司,風力能,轉供,7
2023,能元超商股份有限公司,彰旺風力發電,華邦電子股份有限公司,風力能,轉供,681
2023,能元超商股份有限公司,台泥綠能彰濱風力發電廠,台灣應用材料股份有限公司,風力能,轉供,470
2023,能元超商股份有限公司,台泥綠能彰濱風力發電廠,台灣華可貴股份有限公司,風力能,轉供,1090
2023,能元超商股份有限公司,台泥綠能彰濱風力發電廠,瀚宇彩晶股份有限公司,風力能,轉供,348
2023,能元超商股份有限公司,台泥綠能彰濱風力發電廠,華東科技股份有限公司,風力能,轉供,116
2023,花蓮綠能股份有限公司,名間電力股份有限公司 水力發電廠,乾坤科技股份有限公司,水力能,轉供,6063
2023,花蓮綠能股份有限公司,名間電力股份有限公司 水力發電廠,台達電子工業股份有限公司,水力能,轉供,19615
2023,花蓮綠能股份有限公司,名間電力股份有限公司 水力發電廠,國立海洋科技博物館,水力能,轉供,370
2023,花蓮綠能股份有限公司,名間電力股份有限公司 水力發電廠,晶睿通訊股份有限公司,水力能,轉供,717
2023,花蓮綠能股份有限公司,名間電力股份有限公司 水力發電廠,財團法人亞洲大學,水力能,轉供,179
2023,觀威風力發電股份有限公司,觀音風力發電廠,台灣積體電路製造股份有限公司,風力能,轉供,85840
2023,豐威風力發電股份有限公司,豐威風場一,台灣積體電路製造股份有限公司,風力能,轉供,19287
2023,豐威風力發電股份有限公司,豐威風場二,台灣積體電路製造股份有限公司,風力能,轉供,9861
2023,通威風力發電股份有限公司,通威風場一,台灣積體電路製造股份有限公司,風力能,轉供,42161
2023,通威風力發電股份有限公司,通威風場二,台灣積體電路製造股份有限公司,風力能,轉供,26747
2023,開陽智慧能源股份有限公司,開陽智慧能源股份有限公司,力晶積成電子製造股份有限公司,太陽能,轉供,5731
2023,陽光伏特家電力股份有限公司,春源鋼鐵,台灣大哥大股份有限公司,太陽能,轉供,2209
2023,陽光伏特家電力股份有限公司,成勁電力股份有限公司,普萊德科技股份有限公司,太陽能,轉供,33
2023,陽光伏特家電力股份有限公司,成勁電力股份有限公司,欣銓科技股份有限公司,太陽能,轉供,2789
2023,陽光伏特家電力股份有限公司,成勁電力股份有限公司,歐萊德國際股份有限公司,太陽能,轉供,83
2023,陽光伏特家電力股份有限公司,奇美綠能園區一期,台新國際商業銀行,太陽能,轉供,680
2023,陽光伏特家電力股份有限公司,奇美綠能園區一期,大醫生技股份有限公司,太陽能,轉供,56
2023,陽光伏特家電力股份有限公司,奇美綠能園區一期,嬌聯股份有限公司,太陽能,轉供,270
2023,陽光伏特家電力股份有限公司,奇美綠能園區一期,昇佳電子股份有限公司,太陽能,轉供,17
2023,陽光伏特家電力股份有限公司,奇美綠能園區一期,普萊德科技股份有限公司,太陽能,轉供,17
2023,陽光伏特家電力股份有限公司,奇美綠能園區一期,欣銓科技股份有限公司,太陽能,轉供,1890
2023,陽光伏特家電力股份有限公司,奇美綠能園區一期,歐萊德國際股份有限公司,太陽能,轉供,293
2023,陽光伏特家電力股份有限公司,奇美綠能園區一期,理盛精密科技股份有限公司,太陽能,轉供,56
2023,陽光伏特家電力股份有限公司,奇美綠能園區一期,瑞士商弗克司股份有限公司台灣分公司,太陽能,轉供,1375
2023,陽光伏特家電力股份有限公司,奇美綠能園區一期,睿能創意營銷股份有限公司,太陽能,轉供,1567
2023,陽光伏特家電力股份有限公司,奇美綠能園區一期,第一金融資產管理股份有限公司,太陽能,轉供,2
2023,陽光伏特家電力股份有限公司,奇美綠能園區一期,第一金證券投資信託股份有限公司,太陽能,轉供,15
2023,陽光伏特家電力股份有限公司,奇美綠能園區一期,第一金證券股份有限公司,太陽能,轉供,59
2023,陽光伏特家電力股份有限公司,奇美綠能園區一期,臺灣期貨交易所股份有限公司,太陽能,轉供,37
2023,陽光伏特家電力股份有限公司,奇美綠能園區一期,英屬開曼群島商睿能新動力股份有限公司台灣分公司,太陽能,轉供,78
2023,陽光伏特家電力股份有限公司,奇美綠能園區一期,華美光學科技股份有限公司,太陽能,轉供,3270
2023,陽光伏特家電力股份有限公司,奇美綠能園區一期,財團法人中國生產力中心,太陽能,轉供,71
2023,陽光伏特家電力股份有限公司,奇美綠能園區二期,信義房屋股份有限公司,太陽能,轉供,482
2023,陽光伏特家電力股份有限公司,奇美綠能園區二期,元太科技工業股份有限公司,太陽能,轉供,410
2023,陽光伏特家電力股份有限公司,奇美綠能園區二期,元裕實業有限公司,太陽能,轉供,1
2023,陽光伏特家電力股份有限公司,奇美綠能園區二期,全智科技股份有限公司,太陽能,轉供,1377
2023,陽光伏特家電力股份有限公司,奇美綠能園區二期,利奇機械工業股份有限公司,太陽能,轉供,300
2023,陽光伏特家電力股份有限公司,奇美綠能園區二期,台灣大哥大股份有限公司,太陽能,轉供,2843
2023,陽光伏特家電力股份有限公司,奇美綠能園區二期,國泰人壽保險股份有限公司,太陽能,轉供,26
2023,陽光伏特家電力股份有限公司,奇美綠能園區二期,國泰綜合證券股份有限公司,太陽能,轉供,183
2023,陽光伏特家電力股份有限公司,奇美綠能園區二期,攸泰科技股份有限公司,太陽能,轉供,17
2023,陽光伏特家電力股份有限公司,奇美綠能園區二期,王道商業銀行股份有限公司,太陽能,轉供,494
2023,陽光伏特家電力股份有限公司,奇美綠能園區二期,瑞士商弗克司股份有限公司台灣分公司,太陽能,轉供,267
2023,陽光伏特家電力股份有限公司,奇美綠能園區二期,祥群興業有限公司,太陽能,轉供,13
2023,陽光伏特家電力股份有限公司,奇美綠能園區二期,第一商業銀行股份有限公司,太陽能,轉供,132
2023,陽光伏特家電力股份有限公司,奇美綠能園區二期,財團法人台灣綜合研究院,太陽能,轉供,36
2023,陽光伏特家電力股份有限公司,太陽餅35號,台灣大哥大股份有限公司,太陽能,轉供,156
2023,陽光伏特家電力股份有限公司,天龍1號,台灣大哥大股份有限公司,太陽能,轉供,43
2023,陽光伏特家電力股份有限公司,港都15號,中孚科技股份有限公司,太陽能,轉供,1
2023,陽光伏特家電力股份有限公司,港都15號,夠酷比股份有限公司,太陽能,轉供,6
2023,陽光伏特家電力股份有限公司,港都15號,捷順企業股份有限公司,太陽能,轉供,16
2023,陽光伏特家電力股份有限公司,港都15號,普萊德科技股份有限公司,太陽能,轉供,31
2023,陽光伏特家電力股份有限公司,港都15號,社團法人中華民國荒野保護協會,太陽能,轉供,15
2023,陽光伏特家電力股份有限公司,港都15號,綠藤生物科技股份有限公司,太陽能,轉供,8
2023,陽光伏特家電力股份有限公司,港都15號,美科實業股份有限公司,太陽能,轉供,4
2023,陽光伏特家電力股份有限公司,港都15號,群樺科技股份有限公司,太陽能,轉供,4
2023,陽光伏特家電力股份有限公司,港都15號,良冠生化科技有限公司,太陽能,轉供,5
2023,陽光伏特家電力股份有限公司,港都15號,英屬維京群島商太古可口可樂股份有限公司台灣分公司,太陽能,轉供,5
2023,陽光伏特家電力股份有限公司,港都15號,財團法人綠色和平基金會,太陽能,轉供,16
2023,陽光伏特家電力股份有限公司,阿里13號,友信行股份有限公司,太陽能,轉供,9
2023,陽光伏特家電力股份有限公司,阿里13號,台灣大哥大股份有限公司,太陽能,轉供,270
2023,陽光伏特家電力股份有限公司,阿里13號,台灣屈臣氏個人用品商店股份有限公司,太陽能,轉供,92
2023,陽光伏特家電力股份有限公司,阿里13號,美科實業股份有限公司,太陽能,轉供,13
2023,陽光伏特家電力股份有限公司,阿里13號,高柏科技股份有限公司,太陽能,轉供,5
2023,陽光伏特家電力股份有限公司,恆陸第一期太陽光電發電廠,國泰世華商業銀行股份有限公司,太陽能,轉供,49
2023,陽光伏特家電力股份有限公司,恆陸第一期太陽光電發電廠,國泰人壽保險股份有限公司,太陽能,轉供,124
2023,陽光伏特家電力股份有限公司,恆陸第一期太陽光電發電廠,國泰綜合證券股份有限公司,太陽能,轉供,76
2023,鹿威風力發電股份有限公司,鹿威-彰濱風場,台灣積體電路製造股份有限公司,風力能,轉供,109232
2023,鹿威風力發電股份有限公司,鹿威-鹿港風場,台灣積體電路製造股份有限公司,風力能,轉供,62597
2023,鹿威風力發電股份有限公司,鹿港風場二期,台灣積體電路製造股份有限公司,風力能,轉供,16083
2023,龍威風力發電股份有限公司,龍威風場一,台灣積體電路製造股份有限公司,風力能,轉供,54722
2023,龍威風力發電股份有限公司,龍威風場二,台灣積體電路製造股份有限公司,風力能,轉供,9431
2023,龍威風力發電股份有限公司,龍威風場三,台灣積體電路製造股份有限公司,風力能,轉供,4879
2022,中威風力發電股份有限公司,台中風場,台灣積體電路製造股份有限公司,風力能,轉供,97111
2022,南方電力股份有限公司,鴻元高雄辦公室太陽光電發電廠,亞福儲能股份有限公司,太陽能,轉供,3
2022,南方電力股份有限公司,鴻元高雄辦公室太陽光電發電廠,正信不動產股份有限公司,太陽能,轉供,3
2022,南方電力股份有限公司,鴻元高雄辦公室太陽光電發電廠,胤源企業有限公司,太陽能,轉供,1
2022,南方電力股份有限公司,鴻元高雄辦公室太陽光電發電廠,鴻元工程顧問股份有限公司,太陽能,轉供,6
2022,南方電力股份有限公司,嘉義縣東石鄉栗子崙段388地號太陽光電發電廠,亞福儲能股份有限公司,太陽能,轉供,20
2022,南方電力股份有限公司,嘉義縣東石鄉栗子崙段388地號太陽光電發電廠,京冠生物科技股份有限公司,太陽能,轉供,27
2022,南方電力股份有限公司,嘉義縣東石鄉栗子崙段388地號太陽光電發電廠,綠藤生物科技股份有限公司,太陽能,轉供,4
2022,南方電力股份有限公司,嘉義縣東石鄉栗子崙段388地號太陽光電發電廠,逸盛科技股份有限公司,太陽能,轉供,2
2022,南方電力股份有限公司,嘉義縣東石鄉栗子崙段388地號太陽光電發電廠,達勝科技股份有限公司,太陽能,轉供,2
2022,南方電力股份有限公司,嘉義縣東石鄉栗子崙段388地號太陽光電發電廠,隆宜實業有限公司,太陽能,轉供,17
2022,南方電力股份有限公司,嘉義縣東石鄉栗子崙段388地號太陽光電發電廠,龍邑工程顧問股份有限公司,太陽能,轉供,4
2022,南方電力股份有限公司,嘉義縣東石鄉栗子崙段388地號太陽光電發電廠2期,葡萄王生技股份有限公司,太陽能,轉供,259
2022,南方電力股份有限公司,屏東鹽埔太陽光電發電廠,永豐商業銀行股份有限公司,太陽能,轉供,119
2022,南方電力股份有限公司,屏東鹽埔太陽光電發電廠,淨毒五郎有限公司,太陽能,轉供,1
2022,博曜電力股份有限公司,心忠學甲第一型太陽光電發電廠,乾坤科技股份有限公司,太陽能,轉供,347
2022,博曜電力股份有限公司,心忠學甲第一型太陽光電發電廠,台達電子工業股份有限公司,太陽能,轉供,793
2022,博曜電力股份有限公司,心忠學甲第一型太陽光電發電廠,晶睿通訊股份有限公司,太陽能,轉供,29
2022,台康日能科技股份有限公司,嘉義公館滯洪池,玉山商業銀行股份有限公司,太陽能,轉供,2333
2022,台康日能科技股份有限公司,高雄典寶溪滯洪池,科德寶遠東股份有限公司,太陽能,轉供,166
2022,台汽電綠能股份有限公司,竹南風力發電廠,台灣積體電路製造股份有限公司,風力能,轉供,16093
2022,台汽電綠能股份有限公司,大鵬風力發電廠,台灣積體電路製造股份有限公司,風力能,轉供,100544
2022,台汽電綠能股份有限公司,鑫光電能有限公司,台北富邦商業銀行股份有限公司,太陽能,轉供,492
2022,台汽電綠能股份有限公司,鑫光電能有限公司,台灣固網股份有限公司,太陽能,轉供,4300
2022,台汽電綠能股份有限公司,鑫光電能有限公司,財團法人中華民國證券櫃檯買賣中心,太陽能,轉供,254
2022,台汽電綠能股份有限公司,鑫光電能有限公司,財團法人台灣綜合研究院,太陽能,轉供,36
2022,台汽電綠能股份有限公司,星寶風力發電廠,台灣固網股份有限公司,風力能,轉供,5133
2022,台汽電綠能股份有限公司,星寶風力發電廠,台灣大哥大股份有限公司,風力能,轉供,2351
2022,台汽電綠能股份有限公司,星寶風力發電廠,台達電子工業股份有限公司,風力能,轉供,12039
2022,台汽電綠能股份有限公司,烏山頭水力發電廠,華美光學科技股份有限公司,水力能,轉供,1031
2022,台汽電綠能股份有限公司,烏山頭水力發電廠,采鈺科技股份有限公司,水力能,轉供,14366
2022,台汽電綠能股份有限公司,力麗企業廠房屋頂太陽光電發電廠,台灣優衣庫有限公司,太陽能,轉供,1125
2022,台灣艾貴太陽能源股份有限公司,台灣艾貴義竹發電廠,台灣積體電路製造股份有限公司,太陽能,轉供,105903
2022,天權智慧能源股份有限公司,天權智慧能源股份有限公司,中華電信股份有限公司,太陽能,轉供,2580
2022,天權智慧能源股份有限公司,天權智慧能源股份有限公司,中華電信股份有限公司個人家庭分公司,太陽能,轉供,1194
2022,天權智慧能源股份有限公司,天權智慧能源股份有限公司,中華電信股份有限公司資訊技術分公司,太陽能,轉供,1688
2022,天能綠電股份有限公司,旭孝矽品精密工業,上海商業儲蓄銀行股份有限公司,太陽能,轉供,340
2022,天能綠電股份有限公司,旭孝矽品精密工業,玉山商業銀行股份有限公司,太陽能,轉供,2129
2022,天能綠電股份有限公司,臺中清水風能訓練中心屋頂型太陽能光電案,中強光電股份有限公司,太陽能,轉供,14
2022,天能綠電股份有限公司,臺中清水風能訓練中心屋頂型太陽能光電案,中強光電股份有限公司南科分公司第一廠,太陽能,轉供,18
2022,天能綠電股份有限公司,臺中清水風能訓練中心屋頂型太陽能光電案,頤德國際股份有限公司,太陽能,轉供,5
2022,天能綠電股份有限公司,台中八方夜市屋頂型太陽能光電廠,台灣科思創股份有限公司,太陽能,轉供,162
2022,天能綠電股份有限公司,台中八方夜市屋頂型太陽能光電廠,聖戈班先進材料股份有限公司,太陽能,轉供,10
2022,天能綠電股份有限公司,台東大豐段掩埋場地面型太陽能光電案(低壓),玉山商業銀行股份有限公司,太陽能,轉供,11
2022,天能綠電股份有限公司,台中靜宜大學屋頂型太陽能光電廠 第一期,元太科技工業股份有限公司,太陽能,轉供,45
2022,天能綠電股份有限公司,台中靜宜大學屋頂型太陽能光電廠 第二期,元太科技工業股份有限公司,太陽能,轉供,56
2022,天能綠電股份有限公司,台東大豐段掩埋場地面型太陽能光電案(高壓),玉山商業銀行股份有限公司,太陽能,轉供,105
2022,天能綠電股份有限公司,台東大豐段掩埋場地面型太陽能光電案(高壓),英屬開曼群島商睿能新動力股份有限公司台灣分公司,太陽能,轉供,24
2022,安威風力發電股份有限公司,安威風場一,台灣積體電路製造股份有限公司,風力能,轉供,4371
2022,安威風力發電股份有限公司,安威風場二,台灣積體電路製造股份有限公司,風力能,轉供,6644
2022,安威風力發電股份有限公司,安威風場三,台灣積體電路製造股份有限公司,風力能,轉供,1034
2022,安威風力發電股份有限公司,安威風場四,台灣積體電路製造股份有限公司,風力能,轉供,5226
2022,安威風力發電股份有限公司,安威風場五,台灣積體電路製造股份有限公司,風力能,轉供,5974
2022,富威電力股份有限公司,權聖太陽光電廠,伊雲谷數位科技股份有限公司,太陽能,轉供,4
2022,富威電力股份有限公司,權聖太陽光電廠,博仲法律事務所,太陽能,轉供,19
2022,富威電力股份有限公司,權聖太陽光電廠,正崴精密工業股份有限公司,太陽能,轉供,28
2022,富威電力股份有限公司,權聖太陽光電廠,訊連科技股份有限公司,太陽能,轉供,112
2022,富威電力股份有限公司,彰苑風力發電廠,中華電信股份有限公司資訊技術分公司,風力能,轉供,1811
2022,富威電力股份有限公司,彰苑風力發電廠,乾坤科技股份有限公司,風力能,轉供,3242
2022,富威電力股份有限公司,彰苑風力發電廠,元太科技工業股份有限公司,風力能,轉供,415
2022,富威電力股份有限公司,彰苑風力發電廠,博仲法律事務所,風力能,轉供,25
2022,富威電力股份有限公司,彰苑風力發電廠,台灣固網股份有限公司,風力能,轉供,942
2022,富威電力股份有限公司,彰苑風力發電廠,台灣大哥大股份有限公司,風力能,轉供,1717
2022,富威電力股份有限公司,彰苑風力發電廠,台灣日鑛金屬股份有限公司,風力能,轉供,319
2022,富威電力股份有限公司,彰苑風力發電廠,台灣福雷電子股份有限公司,風力能,轉供,153
2022,富威電力股份有限公司,彰苑風力發電廠,台達電子工業股份有限公司,風力能,轉供,538
2022,富威電力股份有限公司,彰苑風力發電廠,日月光半導體製造股份有限公司,風力能,轉供,1694
2022,富威電力股份有限公司,彰苑風力發電廠,日月光半導體製造股份有限公司中壢分公司,風力能,轉供,2935
2022,富威電力股份有限公司,彰苑風力發電廠,矽品精密⼯業股份有限公司中科分公司,風力能,轉供,1919
2022,富威電力股份有限公司,彰苑風力發電廠,矽品精密⼯業股份有限公司新⽵分公司,風力能,轉供,433
2022,富威電力股份有限公司,彰苑風力發電廠,矽品精密工業股份有限公司,風力能,轉供,2691
2022,富威電力股份有限公司,彰苑風力發電廠,第一商業銀行股份有限公司,風力能,轉供,630
2022,富威電力股份有限公司,彰苑風力發電廠,群聯電子股份有限公司 竹南分公司,風力能,轉供,545
2022,富威電力股份有限公司,彰苑風力發電廠,采鈺科技股份有限公司,風力能,轉供,6569
2022,富威電力股份有限公司,彰苑風力發電廠,鴻海精密工業股份有限公司,風力能,轉供,694
2022,富威電力股份有限公司,北苑風力發電廠,中國信託商業銀行股份有限公司,風力能,轉供,24
2022,富威電力股份有限公司,北苑風力發電廠,中華電信股份有限公司資訊技術分公司,風力能,轉供,1037
2022,富威電力股份有限公司,北苑風力發電廠,乾坤科技股份有限公司,風力能,轉供,2870
2022,富威電力股份有限公司,北苑風力發電廠,元太科技工業股份有限公司,風力能,轉供,405
2022,富威電力股份有限公司,北苑風力發電廠,南亞科技股份有限公司,風力能,轉供,9306
2022,富威電力股份有限公司,北苑風力發電廠,台灣固網股份有限公司,風力能,轉供,916
2022,富威電力股份有限公司,北苑風力發電廠,台灣大哥大股份有限公司,風力能,轉供,1671
2022,富威電力股份有限公司,北苑風力發電廠,台灣日鑛金屬股份有限公司,風力能,轉供,314
2022,富威電力股份有限公司,北苑風力發電廠,台灣福雷電子股份有限公司,風力能,轉供,153
2022,富威電力股份有限公司,北苑風力發電廠,台達電子工業股份有限公司,風力能,轉供,537
2022,富威電力股份有限公司,北苑風力發電廠,日月光半導體製造股份有限公司,風力能,轉供,1859
2022,富威電力股份有限公司,北苑風力發電廠,日月光半導體製造股份有限公司中壢分公司,風力能,轉供,1213
2022,富威電力股份有限公司,北苑風力發電廠,睿能創意營銷股份有限公司,風力能,轉供,6
2022,富威電力股份有限公司,北苑風力發電廠,睿能創意股份有限公司,風力能,轉供,155
2022,富威電力股份有限公司,北苑風力發電廠,矽品精密⼯業股份有限公司中科分公司,風力能,轉供,959
2022,富威電力股份有限公司,北苑風力發電廠,矽品精密⼯業股份有限公司新⽵分公司,風力能,轉供,220
2022,富威電力股份有限公司,北苑風力發電廠,矽品精密工業股份有限公司,風力能,轉供,1385
2022,富威電力股份有限公司,北苑風力發電廠,采鈺科技股份有限公司,風力能,轉供,4535
2022,富威電力股份有限公司,北苑風力發電廠,鴻海精密工業股份有限公司,風力能,轉供,623
2022,崎威風力發電股份有限公司,竹南二期風力發電廠,台灣積體電路製造股份有限公司,風力能,轉供,9257
2022,昱鼎能源科技開發股份有限公司,台南市菁寮掩埋場太陽光電發電廠,宜鼎國際股份有限公司,太陽能,轉供,58
2022,昱鼎能源科技開發股份有限公司,台南市菁寮掩埋場太陽光電發電廠,耀鼎資源循環股份有限公司,太陽能,轉供,150
2022,昱鼎能源科技開發股份有限公司,台南市菁寮掩埋場太陽光電發電廠,財團法人中華經濟研究院,太陽能,轉供,12
2022,曄恆能源股份有限公司,曄恆嘉義鹽地太陽光電廠,台灣積體電路製造股份有限公司,太陽能,轉供,28824
2022,泓德能源科技股份有限公司,星星電力-YL南波萬,台灣固網股份有限公司,太陽能,轉供,1470
2022,泓德能源科技股份有限公司,星星電力-TN柳營1號,太登太陽能股份有限公司,太陽能,轉供,10
2022,泓德能源科技股份有限公司,星星電力-TN柳營1號,永佳環球有限公司,太陽能,轉供,25
2022,泓德能源科技股份有限公司,星星電力-TN柳營1號,泓德能源科技股份有限公司,太陽能,轉供,9
2022,泓德能源科技股份有限公司,星星電力-TN柳營1號,玉山商業銀行股份有限公司,太陽能,轉供,129
2022,清風風力發電股份有限公司,清水風場,台灣積體電路製造股份有限公司,風力能,轉供,4905
2022,玉衡智慧能源股份有限公司,玉衡智慧能源股份有限公司,中華電信股份有限公司,太陽能,轉供,2486
2022,玉衡智慧能源股份有限公司,玉衡智慧能源股份有限公司,中華電信股份有限公司個人家庭分公司,太陽能,轉供,1152
2022,玉衡智慧能源股份有限公司,玉衡智慧能源股份有限公司,中華電信股份有限公司資訊技術分公司,太陽能,轉供,1635
2022,瓦特先生股份有限公司,國源汽車二期,元太科技工業股份有限公司,太陽能,轉供,17
2022,瓦特先生股份有限公司,國源汽車二期,台灣萊雅股份有限公司,太陽能,轉供,12
2022,瓦特先生股份有限公司,台南一期,元太科技工業股份有限公司,太陽能,轉供,10
2022,瓦特先生股份有限公司,台南二期,大江生醫股份有限公司,太陽能,轉供,9
2022,瓦特先生股份有限公司,大甲野寶,元大商業銀行股份有限公司,太陽能,轉供,129
2022,瓦特先生股份有限公司,大甲野寶,元大證券股份有限公司,太陽能,轉供,26
2022,瓦特先生股份有限公司,大甲野寶,台灣萊雅股份有限公司,太陽能,轉供,311
2022,瓦特先生股份有限公司,大甲野寶,臺灣維固股份有限公司,太陽能,轉供,6
2022,瓦特先生股份有限公司,大甲野寶,野寶科技股份有限公司,太陽能,轉供,1
2022,瓦特先生股份有限公司,雲林一期,台灣萊雅股份有限公司,太陽能,轉供,33
2022,瓦特先生股份有限公司,彰化有鴻,元太科技工業股份有限公司,太陽能,轉供,245
2022,瓦特先生股份有限公司,彰化有鴻,台灣萊雅股份有限公司,太陽能,轉供,13
2022,瓦特先生股份有限公司,彰化有鴻,大江生醫股份有限公司,太陽能,轉供,254
2022,瓦特先生股份有限公司,岡山融嘉泰TW190993,信義房屋股份有限公司,太陽能,轉供,99
2022,瓦特先生股份有限公司,屏南京沅鎢業,若水數位評價股份有限公司,太陽能,轉供,1
2022,瓦特先生股份有限公司,屏南京沅鎢業,辛達實業股份有限公司,太陽能,轉供,148
2022,花蓮綠能股份有限公司,名間電力股份有限公司 水力發電廠,乾坤科技股份有限公司,水力能,轉供,1530
2022,花蓮綠能股份有限公司,名間電力股份有限公司 水力發電廠,台達電子工業股份有限公司,水力能,轉供,4103
2022,花蓮綠能股份有限公司,名間電力股份有限公司 水力發電廠,晶睿通訊股份有限公司,水力能,轉供,139
2022,花蓮綠能股份有限公司,名間電力股份有限公司 水力發電廠,財團法人亞洲大學,水力能,轉供,120
2022,觀威風力發電股份有限公司,觀音風力發電廠,台灣積體電路製造股份有限公司,風力能,轉供,27078
2022,豐威風力發電股份有限公司,豐威風場一,台灣積體電路製造股份有限公司,風力能,轉供,4005
2022,豐威風力發電股份有限公司,豐威風場二,台灣積體電路製造股份有限公司,風力能,轉供,4179
2022,通威風力發電股份有限公司,通威風場一,台灣積體電路製造股份有限公司,風力能,轉供,45286
2022,通威風力發電股份有限公司,通威風場二,台灣積體電路製造股份有限公司,風力能,轉供,33418
2022,陽光伏特家電力股份有限公司,成勁電力股份有限公司,欣銓科技股份有限公司,太陽能,轉供,2813
2022,陽光伏特家電力股份有限公司,奇美綠能園區一期,欣銓科技股份有限公司,太陽能,轉供,2199
2022,陽光伏特家電力股份有限公司,奇美綠能園區一期,歐萊德國際股份有限公司,太陽能,轉供,33
2022,陽光伏特家電力股份有限公司,奇美綠能園區一期,華美光學科技股份有限公司,太陽能,轉供,1316
2022,陽光伏特家電力股份有限公司,阿里13號,台灣大哥大股份有限公司,太陽能,轉供,49
2022,鹿威風力發電股份有限公司,鹿威-彰濱風場,台灣積體電路製造股份有限公司,風力能,轉供,121553
2022,鹿威風力發電股份有限公司,鹿威-鹿港風場,台灣積體電路製造股份有限公司,風力能,轉供,50951
2022,鹿威風力發電股份有限公司,鹿港風場二期,台灣積體電路製造股份有限公司,風力能,轉供,10841
2022,龍威風力發電股份有限公司,龍威風場一,台灣積體電路製造股份有限公司,風力能,轉供,25425
2022,龍威風力發電股份有限公司,龍威風場二,台灣積體電路製造股份有限公司,風力能,轉供,4204
2022,龍威風力發電股份有限公司,龍威風場三,台灣積體電路製造股份有限公司,風力能,轉供,1492
2021,中威風力發電股份有限公司,台中風場,台灣積體電路製造股份有限公司,風力能,轉供,141877
2021,南方電力股份有限公司,鴻元高雄辦公室太陽光電發電廠,正信不動產股份有限公司,太陽能,轉供,6
2021,台汽電綠能股份有限公司,竹南風力發電廠,台灣積體電路製造股份有限公司,風力能,轉供,18446
2021,台汽電綠能股份有限公司,大鵬風力發電廠,台灣積體電路製造股份有限公司,風力能,轉供,100006
2021,台汽電綠能股份有限公司,鑫光電能有限公司,台灣固網股份有限公司,太陽能,轉供,4496
2021,台汽電綠能股份有限公司,鑫光電能有限公司,財團法人台灣綜合研究院,太陽能,轉供,34
2021,台灣艾貴太陽能源股份有限公司,台灣艾貴義竹發電廠,台灣積體電路製造股份有限公司,太陽能,轉供,128015
2021,安威風力發電股份有限公司,安威風場一,台灣積體電路製造股份有限公司,風力能,轉供,5279
2021,安威風力發電股份有限公司,安威風場二,台灣積體電路製造股份有限公司,風力能,轉供,6661
2021,安威風力發電股份有限公司,安威風場三,台灣積體電路製造股份有限公司,風力能,轉供,4151
2021,安威風力發電股份有限公司,安威風場四,台灣積體電路製造股份有限公司,風力能,轉供,5277
2021,安威風力發電股份有限公司,安威風場五,台灣積體電路製造股份有限公司,風力能,轉供,6572
2021,富威電力股份有限公司,權聖太陽光電廠,博仲法律事務所,太陽能,轉供,16
2021,富威電力股份有限公司,權聖太陽光電廠,正崴精密工業股份有限公司,太陽能,轉供,170
2021,富威電力股份有限公司,彰苑風力發電廠,群聯電子股份有限公司 竹南分公司,風力能,轉供,57
2021,富威電力股份有限公司,北苑風力發電廠,中國信託商業銀行股份有限公司,風力能,轉供,12
2021,富威電力股份有限公司,北苑風力發電廠,南亞科技股份有限公司,風力能,轉供,962
2021,崎威風力發電股份有限公司,竹南二期風力發電廠,台灣積體電路製造股份有限公司,風力能,轉供,10911
2021,昱鼎能源科技開發股份有限公司,台南市菁寮掩埋場太陽光電發電廠,耀鼎資源循環股份有限公司,太陽能,轉供,40
2021,昱鼎能源科技開發股份有限公司,台南市菁寮掩埋場太陽光電發電廠,財團法人中華經濟研究院,太陽能,轉供,2
2021,曄恆能源股份有限公司,曄恆嘉義鹽地太陽光電廠,台灣積體電路製造股份有限公司,太陽能,轉供,33852
2021,泓德能源科技股份有限公司,星星電力-YL南波萬,台灣固網股份有限公司,太陽能,轉供,462
2021,清風風力發電股份有限公司,清水風場,台灣積體電路製造股份有限公司,風力能,轉供,4857
2021,瓦特先生股份有限公司,國源汽車二期,元太科技工業股份有限公司,太陽能,轉供,5
2021,瓦特先生股份有限公司,國源汽車二期,大江生醫股份有限公司,太陽能,轉供,6
2021,瓦特先生股份有限公司,台南一期,元太科技工業股份有限公司,太陽能,轉供,10
2021,瓦特先生股份有限公司,台南二期,大江生醫股份有限公司,太陽能,轉供,10
2021,通威風力發電股份有限公司,通威風場一,台灣積體電路製造股份有限公司,風力能,轉供,47190
2021,通威風力發電股份有限公司,通威風場二,台灣積體電路製造股份有限公司,風力能,轉供,34996
2021,鹿威風力發電股份有限公司,鹿威-彰濱風場,台灣積體電路製造股份有限公司,風力能,轉供,117297
2021,鹿威風力發電股份有限公司,鹿威-鹿港風場,台灣積體電路製造股份有限公司,風力能,轉供,69015
2021,鹿威風力發電股份有限公司,鹿港風場二期,台灣積體電路製造股份有限公司,風力能,轉供,12847
2020,南方電力股份有限公司,鴻元高雄辦公室太陽光電發電廠,正信不動產股份有限公司,太陽能,轉供,5
2020,台灣艾貴太陽能源股份有限公司,台灣艾貴義竹發電廠,台灣積體電路製造股份有限公司,太陽能,轉供,40314
2020,富威電力股份有限公司,權聖太陽光電廠,正崴精密工業股份有限公司,太陽能,轉供,113
2020,曄恆能源股份有限公司,曄恆嘉義鹽地太陽光電廠,台灣積體電路製造股份有限公司,太陽能,轉供,11345
2020,瓦特先生股份有限公司,國源汽車二期,元太科技工業股份有限公司,太陽能,轉供,5
2020,瓦特先生股份有限公司,國源汽車二期,大江生醫股份有限公司,太陽能,轉供,5
2020,瓦特先生股份有限公司,台南一期,元太科技工業股份有限公司,太陽能,轉供,2
2020,瓦特先生股份有限公司,台南二期,大江生醫股份有限公司,太陽能,轉供,2
